# citation=Milloy et al., Aust. J. Phys. 28, 231 (1975); Shimamori and Hatano, Chem. Phys. 12, 439 (1976); Hegerberg and Reid, Aust. J. Phys. 33, 227 (1980); Morrow and Lowke, J. Phys. D 30, 614 (1997); de Urquijo et al., J. Phys. D 57, 125205 (2024); Dutton, J. Phys. Chem. Ref. Data 4, 577 (1975)
# gas=dry air (0% H2O); measurement_temperature_K=293..300
# valid_en_td=0.000001..100; interpolation=positive log-linear plus nonnegative two-body onset; below_range=hold zero-field asymptote; above_range=forbidden
en_td,flux_drift_velocity_m_per_s,reduced_flux_mobility_ref_m2_per_v_s,longitudinal_diffusion_ref_m2_per_s,transverse_diffusion_ref_m2_per_s,eta_over_n2_cm5,three_body_rate_cm6_per_s,three_body_frequency_ref_s,eta_over_n_cm2,two_body_rate_cm3_per_s,two_body_frequency_ref_s,relative_uncertainty_mobility,relative_uncertainty_three_body,relative_uncertainty_two_body,source_row
1e-06,0.047,1.7492928390650588,0.04431826373913801,0.04431826373913801,2.551946808510638e-32,1.1994149999999997e-31,86584500.348696,0.0,0.0,0.0,0.05,0.2,0.2,thermal_limit_milloy_shimamori_hatano
0.1,2550.0,0.9490844126842339,0.05871665634384525,0.05871665634384525,4.2406064161425236e-36,1.0813546361163434e-30,780618475.4057568,0.0,0.0,0.0,0.05,0.2,0.2,hegerberg_reid__morrow_lowke__dutton
0.12,2710.0,0.840529006004665,0.05738807916943324,0.05738807916943324,3.361087320561764e-36,9.10854663872238e-31,657536348.6504436,0.0,0.0,0.0,0.03,0.2,0.2,hegerberg_reid__morrow_lowke__dutton
0.14,2850.0,0.7576724302941364,0.05622739043274421,0.05622739043274421,2.7614000820796413e-36,7.869990233926978e-31,568126271.6855172,0.0,0.0,0.0,0.03,0.2,0.2,hegerberg_reid__morrow_lowke__dutton
0.17,2900.0,0.6349122945292455,0.052332519004653626,0.052332519004653626,2.1559001177794865e-36,6.252110341560511e-31,451333233.32535607,0.0,0.0,0.0,0.03,0.2,0.2,hegerberg_reid__morrow_lowke__dutton
0.2,3060.0,0.5694506476105404,0.05124794735479839,0.05124794735479839,1.7524467270349382e-36,5.362486984726911e-31,387112264.0612007,0.0,0.0,0.0,0.03,0.2,0.2,hegerberg_reid__morrow_lowke__dutton
0.25,3260.0,0.48533571534911424,0.04927888930230947,0.04927888930230947,1.3185428530205014e-36,4.298449700846834e-31,310300537.86372936,0.0,0.0,0.0,0.03,0.2,0.2,hegerberg_reid__morrow_lowke__dutton
0.298,3452.450064511802,0.4311970709039124,0.04268851001948733,0.04268851001948733,1.0540219400220282e-36,3.638958114825906e-31,262692537.74717993,0.0,0.0,0.0,0.03,0.2,0.2,hegerberg_reid__morrow_lowke__dutton
0.3,3460.0,0.4292590938414968,0.04265473924312022,0.04265473924312022,1.0450716784360005e-36,3.615948007388562e-31,261031462.4267677,0.0,0.0,0.0,0.03,0.2,0.2,hegerberg_reid__morrow_lowke__dutton
0.35,3660.0,0.38920436419319854,0.042129702196207035,0.042129702196207035,8.586093556563553e-37,3.1425102417022603e-31,226854490.82965457,0.0,0.0,0.0,0.03,0.2,0.2,hegerberg_reid__morrow_lowke__dutton
0.4,3870.0,0.3600937918713712,0.0419776663067443,0.0419776663067443,7.24205273897848e-37,2.8026744099846716e-31,202322101.54833746,0.0,0.0,0.0,0.03,0.2,0.2,hegerberg_reid__morrow_lowke__dutton
0.5,4340.0,0.3230608902783981,0.04262681251568545,0.04262681251568545,5.4489284797455895e-37,2.364834960209586e-31,170714934.7280761,0.0,0.0,0.0,0.03,0.2,0.2,hegerberg_reid__morrow_lowke__dutton
0.6,4770.0,0.2958910227780259,0.04320008932559178,0.04320008932559178,4.318798451609298e-37,2.060066861417635e-31,148714047.99902645,0.0,0.0,0.0,0.03,0.2,0.2,hegerberg_reid__morrow_lowke__dutton
0.8,5630.0,0.26192868840256067,0.04429768754457306,0.04429768754457306,2.9928058334123653e-37,1.6849496842111617e-31,121634735.70041776,0.0,0.0,0.0,0.03,0.2,0.2,hegerberg_reid__morrow_lowke__dutton
0.894,5977.631863355656,0.24886069334892605,0.04454606410945776,0.04454606410945776,2.597573011666567e-37,1.5527335201930786e-31,112090190.6517674,0.0,0.0,0.0,0.03,0.2,0.2,hegerberg_reid__morrow_lowke__dutton
1.0,6350.0,0.23634062825666224,0.04468439462027354,0.04468439462027354,2.2517904146510843e-37,1.4298869133034386e-31,103222024.02297574,0.0,0.0,0.0,0.03,0.2,0.2,measured_endpoint_bridge__morrow_lowke__dutton
1.192,6922.884937416038,0.21616009293683483,0.04209936935307641,0.04452897914498797,1.800045023896269e-37,1.2461504582602173e-31,89958283.65308043,0.0,0.0,0.0,0.1,0.2,0.2,measured_endpoint_bridge__morrow_lowke__dutton
1.49,7725.8874995745855,0.19298642979334685,0.039029621009088036,0.04496583814184982,1.3543558641518824e-37,1.0463601040826564e-31,75535629.2832809,0.0,0.0,0.0,0.1,0.2,0.2,measured_endpoint_bridge__morrow_lowke__dutton
1.788,8450.656910150952,0.1759088202475453,0.03668836785084786,0.045912202084609326,1.0734569247457296e-37,9.071416178851891e-32,65485594.002156734,0.0,0.0,0.0,0.1,0.2,0.2,measured_endpoint_bridge__morrow_lowke__dutton
2.086,9116.23554971085,0.16265442939086833,0.034818780898281936,0.04765774781152442,8.819300891017558e-38,8.039882430629084e-32,58039060.9687455,0.0,0.0,0.0,0.1,0.2,0.2,measured_endpoint_bridge__morrow_lowke__dutton
2.384,9735.01285757606,0.15198297408221545,0.03327645699321383,0.04863455170630895,7.438754510757039e-38,7.24163708065717e-32,52276612.20972646,0.0,0.0,0.0,0.1,0.2,0.2,measured_endpoint_bridge__morrow_lowke__dutton
2.682,10315.584161613573,0.1431527559988859,0.0319728384591767,0.05010346459961006,6.40156081646413e-38,6.603583936792343e-32,47670574.044666775,0.0,0.0,0.0,0.1,0.2,0.2,measured_endpoint_bridge__morrow_lowke__dutton
2.98,10864.201098887166,0.1356894843955881,0.030850046566682023,0.05291889891427936,5.596927110091353e-38,6.080614165984585e-32,43895310.57848853,0.0,0.0,0.0,0.1,0.2,0.2,measured_endpoint_bridge__morrow_lowke__dutton
3.0,10900.0,0.13522902089226344,0.030780110168229863,0.0530152347643267,5.029999999999999e-38,5.482699999999998e-32,39579031.44964799,0.0,0.0,0.0,0.03,0.1,0.2,de_urquijo__dutton
3.3,11200.0,0.1263190186816806,0.030780110168229863,0.05334452989008215,4.5996733845095367e-38,5.151634190650682e-32,37189102.38547527,0.0,0.0,0.0,0.015,0.1,0.2,table2_printed__table5_interpolated__table3_held__dutton2p19_interpolated
3.58,11760.638717128077,0.12226792517950452,0.030780110168229863,0.05502056633077704,4.2612623302428746e-38,5.011516674489376e-32,36177608.855135314,0.0,0.0,0.0,0.015,0.1,0.2,table2_interpolated__table5_interpolated__table3_held__dutton2p19_printed
3.6,11800.0,0.12199559988751593,0.030780110168229863,0.05514974247811333,4.239044227317482e-38,5.002072188234629e-32,36109430.107711166,0.0,0.0,0.0,0.015,0.1,0.2,table2_printed__table5_interpolated__table3_held__dutton2p19_interpolated
4.0,12400.0,0.1153788893851422,0.030780110168229863,0.056872263982816654,3.8399999999999997e-38,4.7616e-32,34373486.813184,0.0,0.0,0.0,0.015,0.1,0.2,table2_printed__table5_printed__table3_held__dutton2p19_interpolated
4.47,12965.16091235825,0.10795308268510874,0.030780110168229863,0.05829466464995872,3.1865149368121986e-38,4.131367890540323e-32,29823907.868342493,0.0,0.0,0.0,0.015,0.1,0.2,table2_interpolated__table5_interpolated__table3_held__dutton2p19_printed
4.5,13000.0,0.10752154566357337,0.030780110168229863,0.058322932074305715,3.150924652459108e-38,4.09620204819684e-32,29570049.371604376,0.0,0.0,0.0,0.015,0.1,0.2,table2_printed__table5_interpolated__table3_held__dutton2p19_interpolated
5.0,13600.0,0.1012356706863183,0.030780110168229863,0.05893780388735348,2.64e-38,3.5904e-32,25918717.879296,0.0,0.0,0.0,0.015,0.1,0.2,table2_printed__table5_printed__table3_held__dutton2p19_interpolated
5.36,14107.150301826849,0.09795783186170288,0.030780110168229863,0.059754277435638756,2.3838144996505514e-38,3.362882943824449e-32,24276296.312968563,0.0,0.0,0.0,0.015,0.1,0.2,table2_interpolated__table5_interpolated__table3_held__dutton2p19_printed
5.5,14300.0,0.09676939109721602,0.030780110168229863,0.06017026801263159,2.2952600158946185e-38,3.2822218227293046e-32,23694012.21050288,0.0,0.0,0.0,0.015,0.1,0.2,table2_printed__table5_interpolated__table3_held__dutton2p19_interpolated
5.96,14944.992592896057,0.09332846109750614,0.030780110168229863,0.06159678432435406,2.0399354596704355e-38,3.048682033476067e-32,22008113.171051867,0.0,0.0,0.0,0.015,0.1,0.2,table2_interpolated__table5_interpolated__table3_held__dutton2p19_printed
6.0,15000.0,0.0930474914396308,0.030780110168229863,0.06163164824610815,2.0199999999999998e-38,3.0299999999999996e-32,21873249.547199998,0.0,0.0,0.0,0.015,0.1,0.2,table2_printed__table5_printed__table3_printed__dutton2p19_interpolated
6.5,15600.0,0.08932559178204558,0.030147387226440375,0.061756802599924346,1.8128228147268436e-38,2.828003590973876e-32,20415058.83358063,0.0,0.0,0.0,0.015,0.1,0.2,table2_printed__table5_interpolated__table3_printed__dutton2p19_interpolated
7.0,16300.0,0.08666709202662755,0.028776848619322733,0.06234377519091463,1.6399999999999997e-38,2.6731999999999994e-32,19297548.082367998,0.0,0.0,0.0,0.015,0.1,0.2,table2_printed__table5_printed__table3_interpolated__dutton2p19_interpolated
8.0,17500.0,0.08141655500967696,0.026462706565431003,0.0629067728026193,1.36e-38,2.38e-32,17180968.2912,0.0,0.0,0.0,0.015,0.1,0.2,table2_printed__table5_printed__table3_printed__dutton2p19_interpolated
8.94,18817.574481616986,0.07834130203547524,0.02835440988135684,0.06423986766908969,1.2275499314051335e-38,2.3099512264119923e-32,16675293.603026468,0.0,0.0,0.0,0.015,0.1,0.2,table2_interpolated__table5_interpolated__table3_interpolated__dutton2p19_printed
9.0,18899.999999999996,0.07815989280928985,0.028472532380527025,0.06427897401527519,1.2199999999999997e-38,2.3057999999999992e-32,16645326.338591997,0.0,0.0,0.0,0.015,0.1,0.2,table2_printed__table5_printed__table3_printed__dutton2p19_interpolated
10.0,20100.000000000004,0.07481018311746317,0.02932279219219922,0.06442696555546061,1.03e-38,2.0703000000000003e-32,14945276.745072003,0.0,0.0,0.0,0.015,0.1,0.2,table2_printed__table5_printed__table3_interpolated__dutton2p19_interpolated
11.92,22694.81243687692,0.07086226060215879,0.030796962227639807,0.06590190236000767,8.67649531670051e-39,1.969114338219591e-32,14214828.154074818,0.0,0.0,0.0,0.015,0.1,0.2,table2_interpolated__table5_interpolated__table3_interpolated__dutton2p19_printed
12.0,22800.0,0.0707160934941194,0.03085454816138157,0.06590918937726262,8.619999999999999e-39,1.9653599999999996e-32,14187725.9835264,0.0,0.0,0.0,0.015,0.1,0.2,table2_printed__table5_printed__table3_printed__dutton2p19_interpolated
13.0,24065.644595339465,0.06889993413766296,0.029573721921071532,0.06591008013034756,7.779999999999999e-39,1.8723071495174103e-32,13515987.297162054,0.0,0.0,0.0,0.015,0.1,0.2,table2_interpolated__table5_printed__table3_interpolated__dutton2p19_interpolated
14.0,25300.0,0.06726004381207598,0.028435313383951173,0.06591090484962306,7.07e-39,1.78871e-32,12912508.3160304,0.0,0.0,0.0,0.015,0.1,0.2,table2_printed__table5_printed__table3_printed__dutton2p19_interpolated
14.9,26437.1853798724,0.06603795383413717,0.02871163165676278,0.06603795383413717,6.725929530435511e-39,1.7781464584808173e-32,12836251.227003573,0.0,0.0,0.0,0.015,0.1,0.2,table2_interpolated__table5_interpolated__table3_interpolated__dutton2p19_printed
15.0,26562.273008098407,0.06590807654235127,0.028741456530919057,0.06601343183818535,6.69e-39,1.7770160642417833e-32,12828091.03054248,0.0,0.0,0.0,0.015,0.1,0.2,table2_interpolated__table5_printed__table3_interpolated__dutton2p19_interpolated
16.0,27800.0,0.0646680065505434,0.02903081732916481,0.06577729929523685,6.809999999999999e-39,1.8931799999999997e-32,13666666.197283199,0.0,0.0,0.0,0.015,0.1,0.2,table2_printed__table5_printed__table3_printed__dutton2p19_interpolated
17.0,29010.48771117418,0.0635141907521175,0.028780758805834826,0.06554571995085164,5.639999999999999e-39,1.6361915069102236e-32,11811493.444771135,0.0,0.0,0.0,0.015,0.1,0.2,table2_interpolated__table5_printed__table3_interpolated__dutton2p19_interpolated
18.0,30200.0,0.06244520536615222,0.02854697037367872,0.06532812790850565,5.79e-39,1.7485799999999998e-32,12622814.0901792,0.0,0.0,0.0,0.015,0.1,0.2,table2_printed__table5_printed__table3_printed__dutton2p19_interpolated
20.0,32600.0,0.06066696441863927,0.02869584635998214,0.0650848138306366,5.08e-39,1.65608e-32,11955066.372979201,0.0,0.0,0.0,0.015,0.1,0.2,table2_printed__table5_printed__table3_printed__dutton2p19_interpolated
23.0,36100.0,0.05841764245166385,0.022889682894149176,0.06479854811090988,4.5099999999999995e-39,1.6281099999999998e-32,11753153.9010864,0.0,0.0,0.0,0.015,0.1,0.2,table2_printed__table5_printed__table3_printed__dutton2p19_interpolated
26.0,39400.0,0.056401094811099284,0.020507667113294624,0.06442035468793435,4.1599999999999996e-39,1.6390399999999998e-32,11832056.4151296,0.0,0.0,0.0,0.015,0.1,0.2,table2_printed__table5_printed__table3_printed__dutton2p19_interpolated
29.8,43488.92625861309,0.054315912668013916,0.025482692127159444,0.06409277694825642,3.5668060494458316e-39,1.5511656526312486e-32,11197700.795065563,0.0,0.0,0.0,0.015,0.1,0.2,table2_interpolated__table5_interpolated__table3_interpolated__dutton2p19_printed
30.0,43700.0,0.05421567167882488,0.025755545630489804,0.06409292977554051,3.5399999999999996e-39,1.54698e-32,11167485.0113952,0.0,0.0,0.0,0.015,0.1,0.2,table2_printed__table5_printed__table3_printed__dutton2p19_interpolated
33.0,46800.0,0.05278330423484511,0.021549799017418495,0.06406599346964056,2.6096036080824864e-39,1.2212944885826037e-32,8816395.748972705,0.0,0.0,0.0,0.015,0.2,0.2,de_urquijo_table2_table3__dutton2p19__morrow_a4_a5
36.0,50100.0,0.05179643690139448,0.022291842447415968,0.06439912870231428,2.335596995372374e-39,1.1701340946815594e-32,8447074.276124325,0.0,0.0,0.0,0.015,0.2,0.2,de_urquijo_table2_table3__dutton2p19__morrow_a4_a5
40.0,54100.0,0.050338692868840254,0.023224653863331845,0.06443690694729848,2.0420279548117917e-39,1.1047371235531793e-32,7974980.457932215,0.0,0.0,0.0,0.015,0.2,0.2,de_urquijo_table2_table3__dutton2p19__morrow_a4_a5
44.7,58804.054488718255,0.04896259290071226,0.03359780927286204,0.06463062262894019,1.7723557757303156e-39,1.0422170560944e-32,7523654.703069622,0.0,0.0,0.0,0.015,0.2,0.2,de_urquijo_table2_table3__dutton2p19__morrow_a4_a5
45.0,59100.0,0.04888094883628605,0.03435313383951169,0.06469472412985279,1.7573057590143812e-39,1.0385677035774993e-32,7497310.413205638,0.0,0.0,0.0,0.015,0.2,0.2,de_urquijo_table2_table3__dutton2p19__morrow_a4_a5
50.0,63800.0,0.047491439630787564,0.0313011761202918,0.06554539694179755,1.5364240886459076e-39,9.80238568556089e-33,7076238.556375396,1.515000000000002e-20,9.665700000000014e-14,2596980.276000004,0.015,0.2,0.2,de_urquijo_table2_table3__dutton2p19__morrow_a4_a5
55.0,68600.0,0.04642223936551761,0.031226738127140097,0.06654488888062338,1.3606285304954137e-39,9.333911719198536e-33,6738052.154639082,4.5595000000000007e-20,3.1278170000000003e-13,8403818.7156,0.015,0.2,0.2,de_urquijo_table2_table3__dutton2p19__morrow_a4_a5
59.6,73019.37234859167,0.04559912364787112,0.03874934371076526,0.06748670299884926,1.2281926938524435e-39,8.968185962823143e-33,6474038.599027285,7.360440000000003e-20,5.374547090094683e-13,14440333.121666392,0.015,0.2,0.2,de_urquijo_table2_table3__dutton2p19__morrow_a4_a5
60.0,73400.0,0.04553123914445935,0.03945213637040346,0.06775083553699326,1.217763455645317e-39,8.938383764436628e-33,6452524.70720011,7.603999999999999e-20,5.581335999999999e-13,14995933.564799998,0.015,0.2,0.2,de_urquijo_table2_table3__dutton2p19__morrow_a4_a5
60.6,73968.51629392196,0.04542960321228313,0.039731623728138335,0.0681444048184247,1.2024128741392241e-39,8.894069627278874e-33,6420534.800252242,7.969340000000001e-20,5.894802556418041e-13,15838155.508583993,0.015,0.2,0.2,de_urquijo_table2_table3__dutton2p19__morrow_a4_a5
65.0,78100.0,0.04472005588575485,0.041757300851000684,0.0701450558657209,1.0996253107932173e-39,8.588073677295027e-33,6199639.560172069,1.0648500000000003e-19,8.316478500000002e-13,22344714.433800004,0.015,0.2,0.2,de_urquijo_table2_table3__dutton2p19__morrow_a4_a5
70.0,83300.0,0.044290605925264265,0.04401145891067088,0.07283186716596773,1.0004893612256788e-39,8.334076379009904e-33,6016281.596815466,1.3693e-19,1.1406269e-12,30646363.5492,0.015,0.2,0.2,de_urquijo_table2_table3__dutton2p19__morrow_a4_a5
75.8,89067.4796120986,0.04373353850530995,0.04656849423642832,0.07565902161418621,9.039360270052922e-40,8.051130365593527e-33,5812025.862167221,1.7224620000000002e-19,1.534153490676146e-12,41219635.98748669,0.015,0.2,0.2,de_urquijo_table2_table3__dutton2p19__morrow_a4_a5
80.0,93200.0,0.04336013101086795,0.04838469554860801,0.07796247959138339,8.438758174541942e-40,7.86492261867309e-33,5677604.458998489,1.9782000000000003e-19,1.8436824000000003e-12,49536058.72320001,0.015,0.2,0.2,de_urquijo_table2_table3__dutton2p19__morrow_a4_a5
90.0,103000.0,0.04259507385903099,0.058122579338283804,0.08331731164081718,7.26213287340576e-40,7.479996859607933e-33,5399730.62450418,2.5871e-19,2.664713e-12,71595508.884,0.015,0.2,0.2,de_urquijo_table2_table3__dutton2p19__morrow_a4_a5
90.9,103991.77866399607,0.042579424136546334,0.0590299771312848,0.08388146554899628,7.1705896742199875e-40,7.456823742918206e-33,5383002.196644749,2.6419010000000005e-19,2.7473598404418994e-12,73816064.19299296,0.015,0.2,0.2,de_urquijo_table2_table3__dutton2p19__morrow_a4_a5
100.0,114000.0,0.042429656096471646,0.06848295369956825,0.09048073671371198,6.349330971239719e-40,7.23823730721328e-33,5225206.960479506,3.1960000000000007e-19,3.643440000000001e-12,97891945.92000002,0.015,0.2,0.2,de_urquijo_table2_table3__dutton2p19__morrow_a4_a5
