altitude_km_MSL,minus_Ez_kV_per_m
4.000000,0.000000
4.071398,-0.369412
4.101134,-0.369412
4.130871,-0.369412
4.160607,-0.369412
4.190344,-0.369412
4.220080,-0.369412
4.249817,-0.369412
4.279553,-0.369412
4.309290,-0.369412
4.339026,-0.369412
4.368763,-0.369412
4.398499,-0.369412
4.428236,-0.369412
4.457972,-0.369412
4.487709,-0.369412
4.517445,-0.369412
4.547182,-0.369412
4.576918,-0.369412
4.606655,-0.369412
4.636391,-0.369412
4.666128,-0.369412
4.695864,-0.369412
4.725601,-0.369412
4.755337,-0.369412
4.785074,-0.369412
4.814810,-0.369412
4.844547,-0.369412
4.874283,-0.369412
4.904020,-0.369412
4.933756,-0.369412
4.963493,-0.369412
4.993229,-0.369412
5.022966,-0.369412
5.052702,-0.369412
5.082439,-0.369412
5.112175,-0.369412
5.141912,-0.369412
5.171648,-0.369412
5.201385,-0.369412
5.231121,-0.369412
5.260857,-0.369412
5.290594,-0.369412
5.320330,-0.369412
5.350067,-0.369412
5.379803,-0.369412
5.409540,-0.923530
5.439276,-0.923530
5.469013,-0.923530
5.498749,-0.923530
5.528486,-0.923530
5.558222,-0.923530
5.587959,-1.477648
5.617695,-1.477648
5.647432,-1.477648
5.677168,-1.477648
5.706905,-1.477648
5.736641,-2.031766
5.766378,-2.031766
5.796114,-2.031766
5.825851,-2.585885
5.855587,-2.585885
5.885324,-2.585885
5.915060,-3.140003
5.944797,-3.140003
5.974533,-3.694121
6.004270,-3.694121
6.034006,-4.248239
6.063743,-4.248239
6.093479,-4.802357
6.123216,-4.802357
6.152952,-5.356475
6.182689,-5.910593
6.212425,-5.910593
6.242162,-6.464711
6.271898,-7.018830
6.301635,-7.018830
6.331371,-7.572948
6.361108,-8.127066
6.390844,-8.681184
6.420581,-9.235302
6.450317,-9.789420
6.480054,-10.343538
6.509790,-10.897656
6.539527,-11.451774
6.569263,-12.005893
6.599000,-12.560011
6.628736,-13.114129
6.658472,-13.945306
6.688209,-14.776483
6.717945,-15.330601
6.747682,-15.884719
6.777418,-16.715897
6.807155,-17.547074
6.836891,-18.101192
6.866628,-18.932369
6.896364,-19.763546
6.926101,-20.594723
6.955837,-21.425901
6.985574,-21.980019
7.015310,-22.811196
7.045047,-23.642373
7.074783,-24.473550
7.104520,-25.304727
7.134256,-25.858846
7.163993,-26.690023
7.193729,-27.521200
7.223466,-28.352377
7.253202,-29.183554
7.282939,-29.737672
7.312675,-30.568850
7.342412,-31.400027
7.372148,-31.954145
7.401885,-32.508263
7.431621,-33.339440
7.461358,-34.170617
7.491094,-34.724735
7.520831,-35.278854
7.550567,-35.832972
7.580304,-36.387090
7.610040,-36.941208
7.639777,-37.495326
7.669513,-38.049444
7.699250,-38.049444
7.728986,-38.603562
7.758723,-39.157680
7.788459,-39.157680
7.818196,-39.711799
7.847932,-39.711799
7.877669,-40.265917
7.907405,-40.265917
7.937142,-40.265917
7.966878,-40.265917
7.996615,-40.265917
8.026351,-40.265917
8.056088,-40.265917
8.085824,-40.265917
8.115560,-40.265917
8.145297,-40.265917
8.175033,-39.711799
8.204770,-39.711799
8.234506,-39.157680
8.264243,-39.157680
8.293979,-38.603562
8.323716,-38.049444
8.353452,-38.049444
8.383189,-37.495326
8.412925,-36.941208
8.442662,-36.387090
8.472398,-35.832972
8.502135,-35.278854
8.531871,-34.447676
8.561608,-33.616499
8.591344,-33.062381
8.621081,-32.508263
8.650817,-31.677086
8.680554,-30.845909
8.710290,-30.014731
8.740027,-29.183554
8.769763,-28.352377
8.799500,-27.244141
8.829236,-26.412964
8.858973,-25.581786
8.888709,-24.473550
8.918446,-23.365314
8.948182,-22.257078
8.977919,-21.148842
9.007655,-20.040605
9.037392,-18.655310
9.067128,-17.270015
9.096865,-16.161778
9.126601,-14.776483
9.156338,-13.391188
9.186074,-12.005893
9.215811,-10.620597
9.245547,-9.235302
9.275284,-7.850007
9.305020,-6.464711
9.334757,-4.802357
9.364493,-3.140003
9.394230,-1.477648
9.423966,-0.092353
9.453703,1.292942
9.483439,2.955297
9.513176,4.894710
9.542912,6.834123
9.572648,8.496478
9.602385,10.158832
9.632121,11.821187
9.661858,13.760600
9.691594,15.700013
9.721331,17.639427
9.751067,19.578840
9.780804,21.241195
9.810540,23.180608
9.840277,25.397080
9.870013,27.336494
9.899750,29.275907
9.929486,31.492380
9.959223,33.708852
9.988959,35.648266
10.018696,37.587679
10.048432,39.804152
10.078169,42.020624
10.107905,44.237097
10.137642,46.453569
10.167378,48.670041
10.197115,50.886514
10.226851,53.102986
10.256588,55.319459
10.286324,57.535931
10.316061,59.752404
10.345797,62.245935
10.375534,64.739467
10.405270,66.955939
10.435007,69.172412
10.464743,71.388884
10.494480,73.605357
10.524216,76.098888
10.553953,78.592420
10.583689,80.808892
10.613426,83.025365
10.643162,85.241837
10.672899,87.458310
10.702635,89.674782
10.732372,92.168314
10.762108,94.661845
10.791845,96.878318
10.821581,99.094790
10.851318,101.311263
10.881054,103.527735
10.910791,105.744208
10.940527,107.960680
10.970264,110.177153
11.000000,112.393625
11.029736,114.610098
11.059473,116.549511
11.089209,118.488924
11.118946,120.705397
11.148682,122.644810
11.178419,124.584224
11.208155,126.523637
11.237892,128.185992
11.267628,129.848346
11.297365,131.787759
11.327101,133.727173
11.356838,135.389527
11.386574,136.774822
11.416311,138.160118
11.446047,139.822472
11.475784,141.207767
11.505520,142.593063
11.535257,143.978358
11.564993,145.086594
11.594730,146.194830
11.624466,147.303067
11.654203,148.411303
11.683939,149.519539
11.713676,150.350716
11.743412,150.904834
11.773149,151.736012
11.802885,152.567189
11.832622,152.567189
11.862358,153.121307
11.892095,153.675425
11.921831,153.675425
11.951568,153.675425
11.981304,154.229543
12.011041,153.675425
12.040777,153.675425
12.070514,153.675425
12.100250,153.121307
12.129987,152.567189
12.159723,152.013071
12.189460,151.458953
12.219196,150.904834
12.248933,150.073657
12.278669,149.242480
12.308406,148.411303
12.338142,147.303067
12.367879,145.917771
12.397615,144.532476
12.427352,143.147181
12.457088,141.484826
12.486824,139.822472
12.516561,138.160118
12.546297,136.220704
12.576034,134.004232
12.605770,131.787759
12.635507,129.571287
12.665243,127.354814
12.694980,125.138342
12.724716,122.644810
12.754453,119.874220
12.784189,117.380688
12.813926,114.610098
12.843662,111.562448
12.873399,108.791857
12.903135,105.744208
12.932872,102.696558
12.962608,99.648908
12.992345,96.324200
13.022081,92.722432
13.051818,89.120664
13.081554,85.795955
13.111291,82.194188
13.141027,78.592420
13.170764,74.990652
13.200500,71.111825
13.230237,67.232998
13.259973,63.354172
13.289710,59.198286
13.319446,55.042400
13.349183,51.163573
13.378919,47.007687
13.408656,42.851801
13.438392,38.695915
13.468129,34.262970
13.497865,30.107084
13.527602,25.951199
13.557338,21.518254
13.587075,17.085309
13.616811,12.652364
13.646548,8.219419
13.676284,3.786474
13.701684,0.000000
15.000000,0.000000
16.200000,0.000000
