model,datetime_utc,latitude_deg_N,longitude_deg_E,f107a,f107_previous_day,ap,altitude_km_MSL,temperature_K,neutral_number_density_cm3,neutral_number_density_ratio_to_sea_level,mass_density_g_cm3,mass_density_ratio_to_sea_level,RREA_Eth_abs_kV_per_m,RREA_Eth_negative_kV_per_m,RREA_Eth_positive_kV_per_m
NRLMSISE-00,2000-07-01T12:00:00Z,25.0,-90.0,150.0,150.0,4.0,0.0,298.3744755451102,2.4731143542244348e+19,1.0,0.0011885119612778093,1.0,284.0,-284.0,284.0
NRLMSISE-00,2000-07-01T12:00:00Z,25.0,-90.0,150.0,150.0,4.0,0.05,298.11336759119433,2.4611752578614202e+19,0.9951724446778529,0.001182774354033707,0.9951724446778528,282.6289742885102,-282.6289742885102,282.6289742885102
NRLMSISE-00,2000-07-01T12:00:00Z,25.0,-90.0,150.0,150.0,4.0,0.1,297.8527084408095,2.4492799531201974e+19,0.9903625964308829,0.0011770577918602519,0.9903625964308826,281.2629773863707,-281.2629773863707,281.2629773863707
NRLMSISE-00,2000-07-01T12:00:00Z,25.0,-90.0,150.0,150.0,4.0,0.15,297.5924775276985,2.4374285241393795e+19,0.9855704892804092,0.0011713623151921892,0.9855704892804091,279.9020189556362,-279.9020189556362,279.9020189556362
NRLMSISE-00,2000-07-01T12:00:00Z,25.0,-90.0,150.0,150.0,4.0,0.2,297.33265442690333,2.42562105007942e+19,0.9807961552348401,0.0011656879620718945,0.9807961552348401,278.5461080866946,-278.5461080866946,278.5461080866946
NRLMSISE-00,2000-07-01T12:00:00Z,25.0,-90.0,150.0,150.0,4.0,0.25,297.0732188538944,2.413857605193552e+19,0.9760396243183563,0.001160034768183466,0.9760396243183564,277.1952533064132,-277.1952533064132,277.1952533064132
NRLMSISE-00,2000-07-01T12:00:00Z,25.0,-90.0,150.0,150.0,4.0,0.3,296.81415066372966,2.402138258898083e+19,0.9713009245993359,0.001154402766886506,0.9713009245993357,275.8494625862114,-275.8494625862114,275.8494625862114
NRLMSISE-00,2000-07-01T12:00:00Z,25.0,-90.0,150.0,150.0,4.0,0.35,296.55542985024465,2.390463075842135e+19,0.9665800822185519,0.001148791989249637,0.9665800822185516,274.5087433500687,-274.5087433500687,274.5087433500687
NRLMSISE-00,2000-07-01T12:00:00Z,25.0,-90.0,150.0,150.0,4.0,0.4,296.2970365452717,2.3788321159767925e+19,0.9618771214171336,0.0011432024640837307,0.9618771214171334,273.17310248246594,-273.17310248246594,273.17310248246594
NRLMSISE-00,2000-07-01T12:00:00Z,25.0,-90.0,150.0,150.0,4.0,0.45,296.03895101788873,2.3672454346236133e+19,0.9571920645642681,0.0011376342179748335,0.957192064564268,271.84254633625216,-271.84254633625216,271.84254633625216
NRLMSISE-00,2000-07-01T12:00:00Z,25.0,-90.0,150.0,150.0,4.0,0.5,295.7811536736967,2.355703082542565e+19,0.9525249321846705,0.001132087275316815,0.9525249321846706,270.51708074044643,-270.51708074044643,270.51708074044643
NRLMSISE-00,2000-07-01T12:00:00Z,25.0,-90.0,150.0,150.0,4.0,0.55,295.5236250541252,2.3442051059993936e+19,0.9478757429858244,0.0011265616583437427,0.9478757429858243,269.19671100797416,-269.19671100797416,269.19671100797416
NRLMSISE-00,2000-07-01T12:00:00Z,25.0,-90.0,150.0,150.0,4.0,0.6,295.2663458357663,2.3327515468323455e+19,0.9432445138849607,0.0011210573871619487,0.943244513884961,267.8814419433288,-267.8814419433288,267.8814419433288
NRLMSISE-00,2000-07-01T12:00:00Z,25.0,-90.0,150.0,150.0,4.0,0.65,295.00929682973504,2.3213424425183252e+19,0.9386312600358082,0.0011155744797818196,0.938631260035808,266.5712778501695,-266.5712778501695,266.5712778501695
NRLMSISE-00,2000-07-01T12:00:00Z,25.0,-90.0,150.0,150.0,4.0,0.7,294.75245898105726,2.3099778262384656e+19,0.9340359948551071,0.001110112952149313,0.9340359948551071,265.2662225388504,-265.2662225388504,265.2662225388504
NRLMSISE-00,2000-07-01T12:00:00Z,25.0,-90.0,150.0,150.0,4.0,0.75,294.49581336808376,2.2986577269430972e+19,0.9294587300488792,0.0011046728181771752,0.9294587300488791,263.9662793338817,-263.9662793338817,263.9662793338817
NRLMSISE-00,2000-07-01T12:00:00Z,25.0,-90.0,150.0,150.0,4.0,0.8,294.2393412019305,2.287382169416115e+19,0.9248994756384546,0.001099254089775877,0.9248994756384546,262.6714510813211,-262.6714510813211,262.6714510813211
NRLMSISE-00,2000-07-01T12:00:00Z,25.0,-90.0,150.0,150.0,4.0,0.85,293.9830238259434,2.2761511743387853e+19,0.9203582399862715,0.0010938567768842761,0.9203582399862714,261.3817401561011,-261.3817401561011,261.3817401561011
NRLMSISE-00,2000-07-01T12:00:00Z,25.0,-90.0,150.0,150.0,4.0,0.9,293.72684271518995,2.2649647583529316e+19,0.9158350298214258,0.0010884808874999838,0.915835029821426,260.09714846928495,-260.09714846928495,260.09714846928495
NRLMSISE-00,2000-07-01T12:00:00Z,25.0,-90.0,150.0,150.0,4.0,0.95,293.4707794759736,2.253822934123566e+19,0.9113298502649958,0.001083126427709462,0.9113298502649955,258.8176774752588,-258.8176774752588,258.8176774752588
NRLMSISE-00,2000-07-01T12:00:00Z,25.0,-90.0,150.0,150.0,4.0,1.0,293.21481584537344,2.2427257104008966e+19,0.9068427048551146,0.001077793401717826,0.9068427048551148,257.54332817885256,-257.54332817885256,257.54332817885256
NRLMSISE-00,2000-07-01T12:00:00Z,25.0,-90.0,150.0,150.0,4.0,1.05,292.958933690807,2.2316730920818176e+19,0.902373595571834,0.0010724818118783889,0.9023735955718338,256.27410114240087,-256.27410114240087,256.27410114240087
NRLMSISE-00,2000-07-01T12:00:00Z,25.0,-90.0,150.0,150.0,4.0,1.1,292.7031150096171,2.220665080270723e+19,0.897922522861714,0.0010671916587218944,0.8979225228617141,255.0099964927268,-255.0099964927268,255.0099964927268
NRLMSISE-00,2000-07-01T12:00:00Z,25.0,-90.0,150.0,150.0,4.0,1.15,292.4473419286803,2.209701672339842e+19,0.8934894856622193,0.001061922940985505,0.8934894856622191,253.75101392807028,-253.75101392807028,253.75101392807028
NRLMSISE-00,2000-07-01T12:00:00Z,25.0,-90.0,150.0,150.0,4.0,1.2,292.1915967040392,2.198782861988907e+19,0.8890744814258467,0.001056675655641484,0.8890744814258464,252.49715272494046,-252.49715272494046,252.49715272494046
NRLMSISE-00,2000-07-01T12:00:00Z,25.0,-90.0,150.0,150.0,4.0,1.25,291.9358617205561,2.187908639304324e+19,0.8846775061440493,0.001051449797925625,0.8846775061440492,251.24841174491,-251.24841174491,251.24841174491
NRLMSISE-00,2000-07-01T12:00:00Z,25.0,-90.0,150.0,150.0,4.0,1.3,291.6801194915878,2.177078990817712e+19,0.8802985543709082,0.0010462453613653878,0.8802985543709078,250.00478944133792,-250.00478944133792,250.00478944133792
NRLMSISE-00,2000-07-01T12:00:00Z,25.0,-90.0,150.0,150.0,4.0,1.35,291.42435265868244,2.166293899563897e+19,0.875937619246581,0.0010410623378077689,0.875937619246581,248.766283866029,-248.766283866029,248.766283866029
NRLMSISE-00,2000-07-01T12:00:00Z,25.0,-90.0,150.0,150.0,4.0,1.4,291.16854399129704,2.1555533451383316e+19,0.8715946925205205,0.0010359007174468929,0.8715946925205205,247.5328926758278,-247.5328926758278,247.5328926758278
NRLMSISE-00,2000-07-01T12:00:00Z,25.0,-90.0,150.0,150.0,4.0,1.45,290.91267638653477,2.1448573037539463e+19,0.8672697645744613,0.0010307604888513367,0.8672697645744611,246.304613139147,-246.304613139147,246.304613139147
NRLMSISE-00,2000-07-01T12:00:00Z,25.0,-90.0,150.0,150.0,4.0,1.5,290.65673286890245,2.1342057482974396e+19,0.8629628244451816,0.0010256416389911806,0.8629628244451816,245.08144214243157,-245.08144214243157,245.08144214243157
NRLMSISE-00,2000-07-01T12:00:00Z,25.0,-90.0,150.0,150.0,4.0,1.55,290.40069659008833,2.123598648385005e+19,0.8586738598470359,0.0010205441532647871,0.8586738598470357,243.8633761965582,-243.8633761965582,243.8633761965582
NRLMSISE-00,2000-07-01T12:00:00Z,25.0,-90.0,150.0,150.0,4.0,1.6,290.1445508287582,2.113035970417496e+19,0.8544028571942607,0.0010154680155253148,0.8544028571942608,242.65041144317004,-242.65041144317004,242.65041144317004
NRLMSISE-00,2000-07-01T12:00:00Z,25.0,-90.0,150.0,150.0,4.0,1.65,289.88827899037045,2.1025176776350302e+19,0.8501498016230539,0.001010413208106956,0.8501498016230538,241.4425436609473,-241.4425436609473,241.4425436609473
NRLMSISE-00,2000-07-01T12:00:00Z,25.0,-90.0,150.0,150.0,4.0,1.7,289.6318646070097,2.0920437301710533e+19,0.8459146770134353,0.0010053797118509222,0.845914677013435,240.23976827181562,-240.23976827181562,240.23976827181562
NRLMSISE-00,2000-07-01T12:00:00Z,25.0,-90.0,150.0,150.0,4.0,1.75,289.3752913372386,2.0816140851058233e+19,0.841697466010873,0.0010003675061311446,0.8416974660108728,239.04208034708793,-239.04208034708793,239.04208034708793
NRLMSISE-00,2000-07-01T12:00:00Z,25.0,-90.0,150.0,150.0,4.0,1.8,289.1185429659668,2.071228696519386e+19,0.8374981500477039,0.0009953765688797333,0.8374981500477037,237.8494746135479,-237.8494746135479,237.8494746135479
NRLMSISE-00,2000-07-01T12:00:00Z,25.0,-90.0,150.0,150.0,4.0,1.85,288.86160340433753,2.060887515543966e+19,0.8333167093643179,0.0009904068766121556,0.8333167093643179,236.6619454594663,-236.6619454594663,236.6619454594663
NRLMSISE-00,2000-07-01T12:00:00Z,25.0,-90.0,150.0,150.0,4.0,1.9,288.6044566896306,2.0505904904158306e+19,0.8291531230301289,0.000985458404452159,0.8291531230301288,235.4794869405566,-235.4794869405566,235.4794869405566
NRLMSISE-00,2000-07-01T12:00:00Z,25.0,-90.0,150.0,150.0,4.0,1.95,288.3470869851823,2.0403375665266086e+19,0.8250073689643258,0.000980531126156436,0.8250073689643257,234.30209278586852,-234.30209278586852,234.30209278586852
NRLMSISE-00,2000-07-01T12:00:00Z,25.0,-90.0,150.0,150.0,4.0,2.0,288.08947858032116,2.030128686474078e+19,0.8208794239564079,0.0009756250141390286,0.8208794239564079,233.12975640361984,-233.12975640361984,233.12975640361984
NRLMSISE-00,2000-07-01T12:00:00Z,25.0,-90.0,150.0,150.0,4.0,2.05,287.83161589031965,2.0199637901124133e+19,0.8167692636865032,0.0009707400394954782,0.8167692636865033,231.96247088696688,-231.96247088696688,231.96247088696688
NRLMSISE-00,2000-07-01T12:00:00Z,25.0,-90.0,150.0,150.0,4.0,2.1,287.57348345636075,2.0098428146018955e+19,0.8126768627454671,0.0009658761720267123,0.8126768627454672,230.80022901971267,-230.80022901971267,230.80022901971267
NRLMSISE-00,2000-07-01T12:00:00Z,25.0,-90.0,150.0,150.0,4.0,2.15,287.3150659455198,1.9997656944581046e+19,0.808602194654775,0.0009610333802626876,0.808602194654775,229.6430232819561,-229.6430232819561,229.6430232819561
NRLMSISE-00,2000-07-01T12:00:00Z,25.0,-90.0,150.0,150.0,4.0,2.2,287.0563481507608,1.989732361600571e+19,0.8045452318861933,0.0009562116314857693,0.8045452318861932,228.4908458556789,-228.4908458556789,228.4908458556789
NRLMSISE-00,2000-07-01T12:00:00Z,25.0,-90.0,150.0,150.0,4.0,2.25,286.7973149909475,1.9797427454009176e+19,0.8005059458812458,0.0009514108917538671,0.8005059458812457,227.34368863027382,-227.34368863027382,227.34368863027382
NRLMSISE-00,2000-07-01T12:00:00Z,25.0,-90.0,150.0,150.0,4.0,2.3,286.53795151086706,1.9697967727304778e+19,0.7964843070704684,0.0009466311259233192,0.7964843070704684,226.20154320801302,-226.20154320801302,226.20154320801302
NRLMSISE-00,2000-07-01T12:00:00Z,25.0,-90.0,150.0,150.0,4.0,2.35,286.27824288126857,1.9598943680073843e+19,0.7924802848924487,0.0009418722976715212,0.7924802848924486,225.06440090945543,-225.06440090945543,225.06440090945543
NRLMSISE-00,2000-07-01T12:00:00Z,25.0,-90.0,150.0,150.0,4.0,2.4,286.0181743989137,1.950035453243175e+19,0.7884938478126715,0.0009371343695193247,0.7884938478126715,223.9322527787987,-223.9322527787987,223.9322527787987
NRLMSISE-00,2000-07-01T12:00:00Z,25.0,-90.0,150.0,150.0,4.0,2.45,285.75773148664086,1.9402199480888406e+19,0.7845249633421383,0.0009324173028531661,0.7845249633421382,222.80508958916727,-222.80508958916727,222.80508958916727
NRLMSISE-00,2000-07-01T12:00:00Z,25.0,-90.0,150.0,150.0,4.0,2.5,285.496899693441,1.9304477698804257e+19,0.780573598055805,0.0009277210579469811,0.780573598055805,221.6829018478486,-221.6829018478486,221.6829018478486
NRLMSISE-00,2000-07-01T12:00:00Z,25.0,-90.0,150.0,150.0,4.0,2.55,285.2356646945459,1.9207188336840606e+19,0.7766397176107918,0.0009230455939838459,0.7766397176107916,220.56567980146485,-220.56567980146485,220.56567980146485
NRLMSISE-00,2000-07-01T12:00:00Z,25.0,-90.0,150.0,150.0,4.0,2.6,284.97401229152814,1.9110330523405505e+19,0.7727232867644116,0.000918390869077406,0.7727232867644117,219.4534134410929,-219.4534134410929,219.4534134410929
NRLMSISE-00,2000-07-01T12:00:00Z,25.0,-90.0,150.0,150.0,4.0,2.65,284.7119284124122,1.9013903365094277e+19,0.7688242693919833,0.0009137568402930449,0.7688242693919833,218.34609250732328,-218.34609250732328,218.34609250732328
NRLMSISE-00,2000-07-01T12:00:00Z,25.0,-90.0,150.0,150.0,4.0,2.7,284.44939911179637,1.8917905947125285e+19,0.7649426285044516,0.0009091434636688284,0.7649426285044516,217.24370649526426,-217.24370649526426,217.24370649526426
NRLMSISE-00,2000-07-01T12:00:00Z,25.0,-90.0,150.0,150.0,4.0,2.75,284.18641057098597,1.882233733377075e+19,0.7610783262658071,0.0009045506942362067,0.761078326265807,216.1462446594892,-216.1462446594892,216.1462446594892
NRLMSISE-00,2000-07-01T12:00:00Z,25.0,-90.0,150.0,150.0,4.0,2.8,283.9229490981355,1.872719656878272e+19,0.7572313240103102,0.0008999784860404857,0.7572313240103099,215.0536960189281,-215.0536960189281,215.0536960189281
NRLMSISE-00,2000-07-01T12:00:00Z,25.0,-90.0,150.0,150.0,4.0,2.85,283.6590011284025,1.8632482675814162e+19,0.7534015822595184,0.0008954267921610649,0.7534015822595184,213.96604936170323,-213.96604936170323,213.96604936170323
NRLMSISE-00,2000-07-01T12:00:00Z,25.0,-90.0,150.0,150.0,4.0,2.9,283.39455322410873,1.8538194658835292e+19,0.7495890607391199,0.0008908955647314421,0.7495890607391198,212.88329324991005,-212.88329324991005,212.88329324991005
NRLMSISE-00,2000-07-01T12:00:00Z,25.0,-90.0,150.0,150.0,4.0,2.95,283.1295920749128,1.8444331502545052e+19,0.7457937183955721,0.0008863847549589914,0.745793718395572,211.80541602434246,-211.80541602434246,211.80541602434246
NRLMSISE-00,2000-07-01T12:00:00Z,25.0,-90.0,150.0,150.0,4.0,3.0,282.8641044979899,1.8350892172778037e+19,0.7420155134125551,0.0008818943131445164,0.7420155134125551,210.73240580916564,-210.73240580916564,210.73240580916564
NRLMSISE-00,2000-07-01T12:00:00Z,25.0,-90.0,150.0,150.0,4.0,3.05,282.598077438221,1.8257875616906535e+19,0.7382544032272288,0.0008774241887015723,0.7382544032272288,209.66425051653297,-209.66425051653297,209.66425051653297
NRLMSISE-00,2000-07-01T12:00:00Z,25.0,-90.0,150.0,150.0,4.0,3.1,282.33149796838967,1.8165280764237967e+19,0.7345103445463028,0.0008729743301755658,0.7345103445463028,208.60093785115,-208.60093785115,208.60093785115
NRLMSISE-00,2000-07-01T12:00:00Z,25.0,-90.0,150.0,150.0,4.0,3.15,282.064353289387,1.8073106526407805e+19,0.730783293361924,0.000868544685262637,0.730783293361924,207.54245531478642,-207.54245531478642,207.54245531478642
NRLMSISE-00,2000-07-01T12:00:00Z,25.0,-90.0,150.0,150.0,4.0,3.2,281.79663073042366,1.7981351797767588e+19,0.7270732049673665,0.0008641352008283075,0.7270732049673666,206.48879021073208,-206.48879021073208,206.48879021073208
NRLMSISE-00,2000-07-01T12:00:00Z,25.0,-90.0,150.0,150.0,4.0,3.25,281.5283177492497,1.7890015455768906e+19,0.7233800339725572,0.0008597458229259325,0.7233800339725573,205.43992964820626,-205.43992964820626,205.43992964820626
NRLMSISE-00,2000-07-01T12:00:00Z,25.0,-90.0,150.0,150.0,4.0,3.3,281.2594019323803,1.7799096361342286e+19,0.7197037343193966,0.0008553764968149091,0.7197037343193964,204.39586054670863,-204.39586054670863,204.39586054670863
NRLMSISE-00,2000-07-01T12:00:00Z,25.0,-90.0,150.0,150.0,4.0,3.35,280.9898709953283,1.770859335927199e+19,0.7160442592969131,0.0008510271669786903,0.716044259296913,203.3565696403233,-203.3565696403233,203.3565696403233
NRLMSISE-00,2000-07-01T12:00:00Z,25.0,-90.0,150.0,150.0,4.0,3.4,280.71971278284315,1.7618505278566248e+19,0.7124015615562341,0.0008466977771425739,0.7124015615562342,202.3220434819705,-202.3220434819705,202.3220434819705
NRLMSISE-00,2000-07-01T12:00:00Z,25.0,-90.0,150.0,150.0,4.0,3.45,280.44891526915495,1.7528830932823005e+19,0.7087755931253742,0.000842388270291281,0.7087755931253742,201.29226844760626,-201.29226844760626,201.29226844760626
NRLMSISE-00,2000-07-01T12:00:00Z,25.0,-90.0,150.0,150.0,4.0,3.5,280.1774665582244,1.7439569120591323e+19,0.7051663054238487,0.0008380985886863252,0.7051663054238487,200.26723074037304,-200.26723074037304,200.26723074037304
NRLMSISE-00,2000-07-01T12:00:00Z,25.0,-90.0,150.0,150.0,4.0,3.55,279.9053548839976,1.7350718625728582e+19,0.7015736492771173,0.0008338286738831766,0.7015736492771173,199.24691639470132,-199.24691639470132,199.24691639470132
NRLMSISE-00,2000-07-01T12:00:00Z,25.0,-90.0,150.0,150.0,4.0,3.6,279.63256861066566,1.7262278217753194e+19,0.6979975749308455,0.0008295784667482138,0.6979975749308456,198.2313112803601,-198.2313112803601,198.2313112803601
NRLMSISE-00,2000-07-01T12:00:00Z,25.0,-90.0,150.0,150.0,4.0,3.65,279.3590962329287,1.7174246652193073e+19,0.694438032064995,0.0008253479074754695,0.6944380320649951,197.22040110645858,-197.22040110645858,197.22040110645858
NRLMSISE-00,2000-07-01T12:00:00Z,25.0,-90.0,150.0,150.0,4.0,3.7,279.0849263762638,1.7086622670929959e+19,0.6908949698077467,0.0008211369356031778,0.6908949698077467,196.21417142540005,-196.21417142540005,196.21417142540005
NRLMSISE-00,2000-07-01T12:00:00Z,25.0,-90.0,150.0,150.0,4.0,3.75,278.81004779719655,1.6999405002539502e+19,0.687368336749252,0.0008169454900301191,0.687368336749252,195.21260763678757,-195.21260763678757,195.21260763678757
NRLMSISE-00,2000-07-01T12:00:00Z,25.0,-90.0,150.0,150.0,4.0,3.8,278.534449383577,1.6912592362627174e+19,0.6838580809552148,0.0008127735090317612,0.6838580809552148,194.215694991281,-194.215694991281,194.215694991281
NRLMSISE-00,2000-07-01T12:00:00Z,25.0,-90.0,150.0,150.0,4.0,3.85,278.25812015485695,1.6826183454160062e+19,0.6803641499803081,0.0008086209302762056,0.6803641499803081,193.22341859440752,-193.22341859440752,193.22341859440752
NRLMSISE-00,2000-07-01T12:00:00Z,25.0,-90.0,150.0,150.0,4.0,3.9,277.98104926237164,1.6740176967794545e+19,0.676886490881423,0.000804487690839934,0.6768864908814229,192.23576341032415,-192.23576341032415,192.23576341032415
NRLMSISE-00,2000-07-01T12:00:00Z,25.0,-90.0,150.0,150.0,4.0,3.95,277.70322598962264,1.665457158219994e+19,0.673425050230756,0.0008003737272233631,0.673425050230756,191.2527142655347,-191.2527142655347,191.2527142655347
NRLMSISE-00,2000-07-01T12:00:00Z,25.0,-90.0,150.0,150.0,4.0,4.0,277.4246397525639,1.6569365964378178e+19,0.6699797741287344,0.0007962789753662056,0.6699797741287343,190.27425585256057,-190.27425585256057,190.27425585256057
NRLMSISE-00,2000-07-01T12:00:00Z,25.0,-90.0,150.0,150.0,4.0,4.05,277.14528009988845,1.6484558769979415e+19,0.6665506082167781,0.0007922033706626396,0.6665506082167781,189.30037273356498,-189.30037273356498,189.30037273356498
NRLMSISE-00,2000-07-01T12:00:00Z,25.0,-90.0,150.0,150.0,4.0,4.1,276.8651367133178,1.6400148643613751e+19,0.6631374976899043,0.0007881468479762867,0.6631374976899042,188.33104934393282,-188.33104934393282,188.33104934393282
NRLMSISE-00,2000-07-01T12:00:00Z,25.0,-90.0,150.0,150.0,4.0,4.15,276.5841994078909,1.6316134219159024e+19,0.6597403873091724,0.0007841093416550059,0.6597403873091723,187.36626999580497,-187.36626999580497,187.36626999580497
NRLMSISE-00,2000-07-01T12:00:00Z,25.0,-90.0,150.0,150.0,4.0,4.2,276.3024581322556,1.6232514120064662e+19,0.6563592214139712,0.0007800907855454949,0.6563592214139713,186.4060188815678,-186.4060188815678,186.4060188815678
NRLMSISE-00,2000-07-01T12:00:00Z,25.0,-90.0,150.0,150.0,4.0,4.25,276.0199029689595,1.614928695965187e+19,0.652993943934156,0.0007760911130077155,0.652993943934156,185.4502800773003,-185.4502800773003,185.4502800773003
NRLMSISE-00,2000-07-01T12:00:00Z,25.0,-90.0,150.0,150.0,4.0,4.3,275.73652413474105,1.6066451341409825e+19,0.6496444984020256,0.0007721102569291301,0.6496444984020256,184.4990375461753,-184.4990375461753,184.4990375461753
NRLMSISE-00,2000-07-01T12:00:00Z,25.0,-90.0,150.0,150.0,4.0,4.35,275.452311980821,1.5984005859288224e+19,0.6463108279641515,0.0007681481497387582,0.6463108279641513,183.55227514181902,-183.55227514181902,183.55227514181902
NRLMSISE-00,2000-07-01T12:00:00Z,25.0,-90.0,150.0,150.0,4.0,4.4,275.167256993193,1.5901949097986036e+19,0.6429928753930534,0.0007642047234210558,0.6429928753930533,182.60997661162716,-182.60997661162716,182.60997661162716
NRLMSISE-00,2000-07-01T12:00:00Z,25.0,-90.0,150.0,150.0,4.0,4.45,274.8813497929135,1.5820279633236582e+19,0.6396905830987262,0.0007602799095296123,0.6396905830987261,181.67212560003824,-181.67212560003824,181.67212560003824
NRLMSISE-00,2000-07-01T12:00:00Z,25.0,-90.0,150.0,150.0,4.0,4.5,274.59458113639084,1.5738996032088934e+19,0.6364038931400187,0.0007563736392006768,0.6364038931400186,180.7387056517653,-180.7387056517653,180.7387056517653
NRLMSISE-00,2000-07-01T12:00:00Z,25.0,-90.0,150.0,150.0,4.0,4.55,274.3069419156725,1.5658096853185802e+19,0.6331327472358698,0.000752485843166511,0.6331327472358698,179.809700214987,-179.809700214987,179.809700214987
NRLMSISE-00,2000-07-01T12:00:00Z,25.0,-90.0,150.0,150.0,4.0,4.6,274.01842315873085,1.5577580647037565e+19,0.6298770867763885,0.0007486164517685583,0.6298770867763885,178.88509264449434,-178.88509264449434,178.88509264449434
NRLMSISE-00,2000-07-01T12:00:00Z,25.0,-90.0,150.0,150.0,4.0,4.65,273.7290160297473,1.549744595629312e+19,0.6266368528338067,0.0007447653949704615,0.6266368528338067,177.9648662048011,-177.9648662048011,177.9648662048011
NRLMSISE-00,2000-07-01T12:00:00Z,25.0,-90.0,150.0,150.0,4.0,4.7,273.43871182939336,1.541769131600673e+19,0.6234119861732677,0.0007409326023708848,0.6234119861732675,177.049004073208,-177.049004073208,177.049004073208
NRLMSISE-00,2000-07-01T12:00:00Z,25.0,-90.0,150.0,150.0,4.0,4.75,273.1475019951098,1.5338315253901992e+19,0.6202024272635006,0.0007371180032162008,0.6202024272635005,176.1374893428342,-176.1374893428342,176.1374893428342
NRLMSISE-00,2000-07-01T12:00:00Z,25.0,-90.0,150.0,150.0,4.0,4.8,272.8553781013829,1.52593162906317e+19,0.617008116287328,0.0007333215264129786,0.6170081162873279,175.23030502560115,-175.23030502560115,175.23030502560115
NRLMSISE-00,2000-07-01T12:00:00Z,25.0,-90.0,150.0,150.0,4.0,4.85,272.56233186001646,1.5180692940034839e+19,0.6138289931520567,0.0007295431005403338,0.6138289931520566,174.3274340551841,-174.3274340551841,174.3274340551841
NRLMSISE-00,2000-07-01T12:00:00Z,25.0,-90.0,150.0,150.0,4.0,4.9,272.26835512040225,1.5102443709389816e+19,0.6106649974997181,0.0007257826538620983,0.6106649974997179,173.42885928991996,-173.42885928991996,173.42885928991996
NRLMSISE-00,2000-07-01T12:00:00Z,25.0,-90.0,150.0,150.0,4.0,4.95,271.97343986978444,1.5024567099664568e+19,0.6075160687171803,0.0007220401143388403,0.6075160687171803,172.53456351567922,-172.53456351567922,172.53456351567922
NRLMSISE-00,2000-07-01T12:00:00Z,25.0,-90.0,150.0,150.0,4.0,5.0,271.6775782335221,1.4947061605763258e+19,0.6043821459461237,0.0007183154096397185,0.6043821459461236,171.64452944869913,-171.64452944869913,171.64452944869913
NRLMSISE-00,2000-07-01T12:00:00Z,25.0,-90.0,150.0,150.0,4.0,5.05,271.3807624753455,1.4869925716769673e+19,0.6012631680928827,0.000714608467154181,0.6012631680928826,170.7587397383787,-170.7587397383787,170.7587397383787
NRLMSISE-00,2000-07-01T12:00:00Z,25.0,-90.0,150.0,150.0,4.0,5.1,271.08298499760934,1.4793157916187492e+19,0.5981590738381609,0.0007109192140035104,0.5981590738381608,169.8771769700377,-169.8771769700377,169.8771769700377
NRLMSISE-00,2000-07-01T12:00:00Z,25.0,-90.0,150.0,150.0,4.0,5.15,270.78423834153966,1.4716756682177106e+19,0.5950698016466068,0.0007072475770522056,0.5950698016466068,168.99982366763635,-168.99982366763635,168.99982366763635
NRLMSISE-00,2000-07-01T12:00:00Z,25.0,-90.0,150.0,150.0,4.0,5.2,270.4845151874766,1.4640720487789527e+19,0.5919952897762722,0.0007035934829192223,0.5919952897762721,168.12666229646132,-168.12666229646132,168.12666229646132
NRLMSISE-00,2000-07-01T12:00:00Z,25.0,-90.0,150.0,150.0,4.0,5.25,270.18380835511124,1.4565047801197017e+19,0.5889354762879372,0.0006999568579890569,0.5889354762879372,167.25767526577417,-167.25767526577417,167.25767526577417
NRLMSISE-00,2000-07-01T12:00:00Z,25.0,-90.0,150.0,150.0,4.0,5.3,269.882110803717,1.448973708592053e+19,0.5858902990543069,0.0006963376284226764,0.5858902990543068,166.39284493142316,-166.39284493142316,166.39284493142316
NRLMSISE-00,2000-07-01T12:00:00Z,25.0,-90.0,150.0,150.0,4.0,5.35,269.5794156323741,1.441478680105422e+19,0.5828596957690894,0.0006927357201683077,0.5828596957690894,165.5321535984214,-165.5321535984214,165.5321535984214
NRLMSISE-00,2000-07-01T12:00:00Z,25.0,-90.0,150.0,150.0,4.0,5.4,269.27571608018906,1.434019540148682e+19,0.5798436039559475,0.0006891510589720764,0.5798436039559475,164.67558352348908,-164.67558352348908,164.67558352348908
NRLMSISE-00,2000-07-01T12:00:00Z,25.0,-90.0,150.0,150.0,4.0,5.45,268.97100552650653,1.4265961338119934e+19,0.5768419609773249,0.0006855835703884977,0.5768419609773248,163.82311691756027,-163.82311691756027,163.82311691756027
NRLMSISE-00,2000-07-01T12:00:00Z,25.0,-90.0,150.0,150.0,4.0,5.5,268.6652774911151,1.4192083058083543e+19,0.5738547040431602,0.000682033179790833,0.5738547040431601,162.9747359482575,-162.9747359482575,162.9747359482575
NRLMSISE-00,2000-07-01T12:00:00Z,25.0,-90.0,150.0,150.0,4.0,5.55,268.3585256344453,1.4118559004948316e+19,0.570881770219472,0.0006784998123812922,0.5708817702194718,162.13042274233004,-162.13042274233004,162.13042274233004
NRLMSISE-00,2000-07-01T12:00:00Z,25.0,-90.0,150.0,150.0,4.0,5.6,268.05074375776104,1.4045387618935239e+19,0.5679230964368347,0.0006749833932011088,0.5679230964368347,161.29015938806106,-161.29015938806106,161.29015938806106
NRLMSISE-00,2000-07-01T12:00:00Z,25.0,-90.0,150.0,150.0,4.0,5.65,267.74192580334255,1.3972567337122116e+19,0.5649786194987289,0.0006714838471404633,0.5649786194987289,160.45392793763898,-160.45392793763898,160.45392793763898
NRLMSISE-00,2000-07-01T12:00:00Z,25.0,-90.0,150.0,150.0,4.0,5.7,267.43206585466237,1.3900096593647352e+19,0.5620482760897808,0.000668001098948277,0.5620482760897808,159.62171040949775,-159.62171040949775,159.62171040949775
NRLMSISE-00,2000-07-01T12:00:00Z,25.0,-90.0,150.0,150.0,4.0,5.75,267.12115813655254,1.382797381991093e+19,0.5591320027838892,0.0006645350732418696,0.5591320027838891,158.79348879062454,-158.79348879062454,158.79348879062454
NRLMSISE-00,2000-07-01T12:00:00Z,25.0,-90.0,150.0,150.0,4.0,5.8,266.8091970153641,1.375619744477252e+19,0.5562297360522354,0.0006610856945164804,0.5562297360522354,157.96924503883483,-157.96924503883483,157.96924503883483
NRLMSISE-00,2000-07-01T12:00:00Z,25.0,-90.0,150.0,150.0,4.0,5.85,266.4961769991171,1.3684765894746806e+19,0.5533414122711818,0.0006576528871546551,0.5533414122711817,157.14896108501563,-157.14896108501563,157.14896108501563
NRLMSISE-00,2000-07-01T12:00:00Z,25.0,-90.0,150.0,150.0,4.0,5.9,266.182092737643,1.3613677594196214e+19,0.5504669677300645,0.0006542365754355074,0.5504669677300644,156.33261883533834,-156.33261883533834,156.33261883533834
NRLMSISE-00,2000-07-01T12:00:00Z,25.0,-90.0,150.0,150.0,4.0,5.95,265.86693902271674,1.354293096552063e+19,0.5476063386388647,0.0006508366835438372,0.5476063386388647,155.52020017343756,-155.52020017343756,155.52020017343756
NRLMSISE-00,2000-07-01T12:00:00Z,25.0,-90.0,150.0,150.0,4.0,6.0,265.55071078818054,1.3472524429344903e+19,0.54475946113579,0.0006474531355791401,0.5447594611357899,154.71168696256436,-154.71168696256436,154.71168696256436
NRLMSISE-00,2000-07-01T12:00:00Z,25.0,-90.0,150.0,150.0,4.0,6.05,265.23340311005757,1.3402456404703281e+19,0.5419262712947325,0.0006440858555644724,0.5419262712947323,153.90706104770402,-153.90706104770402,153.90706104770402
NRLMSISE-00,2000-07-01T12:00:00Z,25.0,-90.0,150.0,150.0,4.0,6.1,264.9150112066562,1.3332725309221415e+19,0.5391067051326278,0.000640734767455197,0.5391067051326277,153.1063042576663,-153.1063042576663,153.1063042576663
NRLMSISE-00,2000-07-01T12:00:00Z,25.0,-90.0,150.0,150.0,4.0,6.15,264.5955304386641,1.3263329559295855e+19,0.536300698616713,0.0006373997951476089,0.536300698616713,152.3093984071465,-152.3093984071465,152.3093984071465
NRLMSISE-00,2000-07-01T12:00:00Z,25.0,-90.0,150.0,150.0,4.0,6.2,264.2749563092323,1.3194267570270718e+19,0.5335081876716704,0.0006340808624874266,0.5335081876716705,151.5163252987544,-151.5163252987544,151.5163252987544
NRLMSISE-00,2000-07-01T12:00:00Z,25.0,-90.0,150.0,150.0,4.0,6.25,263.95328446404875,1.3125537756612155e+19,0.5307291081866817,0.0006307778932781757,0.5307291081866817,150.7270667250176,-150.7270667250176,150.7270667250176
NRLMSISE-00,2000-07-01T12:00:00Z,25.0,-90.0,150.0,150.0,4.0,6.3,263.63051069140135,1.30571385320801e+19,0.5279633960223727,0.000627490811289443,0.5279633960223729,149.94160447035387,-149.94160447035387,149.94160447035387
NRLMSISE-00,2000-07-01T12:00:00Z,25.0,-90.0,150.0,150.0,4.0,6.35,263.3066309222301,1.298906830989759e+19,0.5252109870176603,0.0006242195402650134,0.5252109870176602,149.15992031301553,-149.15992031301553,149.15992031301553
NRLMSISE-00,2000-07-01T12:00:00Z,25.0,-90.0,150.0,150.0,4.0,6.4,262.9816412301684,1.2921325502917743e+19,0.5224718169965032,0.0006209640039308947,0.5224718169965032,148.38199602700692,-148.38199602700692,148.38199602700692
NRLMSISE-00,2000-07-01T12:00:00Z,25.0,-90.0,150.0,150.0,4.0,6.45,262.65553783157304,1.2853908523788104e+19,0.5197458217745484,0.000617724126003215,0.5197458217745482,147.60781338397175,-147.60781338397175,147.60781338397175
NRLMSISE-00,2000-07-01T12:00:00Z,25.0,-90.0,150.0,150.0,4.0,6.5,262.3283170855425,1.2786815785112859e+19,0.5170329371656891,0.0006144998301960195,0.5170329371656891,146.8373541550557,-146.8373541550557,146.8373541550557
NRLMSISE-00,2000-07-01T12:00:00Z,25.0,-90.0,150.0,150.0,4.0,6.55,261.9999754939245,1.2720045699612525e+19,0.5143330989885226,0.0006112910402289426,0.5143330989885226,146.07060011274044,-146.07060011274044,146.07060011274044
NRLMSISE-00,2000-07-01T12:00:00Z,25.0,-90.0,150.0,150.0,4.0,6.6,261.67050970131083,1.2653596680281336e+19,0.5116462430727141,0.0006080976798347742,0.5116462430727141,145.3075330326508,-145.3075330326508,145.3075330326508
NRLMSISE-00,2000-07-01T12:00:00Z,25.0,-90.0,150.0,150.0,4.0,6.65,261.3399164950209,1.2587467140542362e+19,0.5089723052652684,0.0006049196727669119,0.5089723052652684,144.54813469533622,-144.54813469533622,144.54813469533622
NRLMSISE-00,2000-07-01T12:00:00Z,25.0,-90.0,150.0,150.0,4.0,6.7,261.0081928050722,1.252165549440029e+19,0.506311221436708,0.0006017569428067049,0.5063112214367079,143.79238688802508,-143.79238688802508,143.79238688802508
NRLMSISE-00,2000-07-01T12:00:00Z,25.0,-90.0,150.0,150.0,4.0,6.75,260.6753357041406,1.2456160156592032e+19,0.5036629274871629,0.000598609413770691,0.5036629274871629,143.04027140635426,-143.04027140635426,143.04027140635426
NRLMSISE-00,2000-07-01T12:00:00Z,25.0,-90.0,150.0,150.0,4.0,6.8,260.3413424075052,1.2390979542735006e+19,0.5010273593523661,0.0005954770095177223,0.5010273593523661,142.29177005607198,-142.29177005607198,142.29177005607198
NRLMSISE-00,2000-07-01T12:00:00Z,25.0,-90.0,150.0,150.0,4.0,6.85,260.0062102729831,1.2326112069473325e+19,0.4984044530095648,0.0005923596539559916,0.49840445300956476,141.54686465471642,-141.54686465471642,141.54686465471642
NRLMSISE-00,2000-07-01T12:00:00Z,25.0,-90.0,150.0,150.0,4.0,6.9,259.66993680085,1.2261556154621733e+19,0.4957941444833407,0.0005892572710499486,0.4957941444833405,140.80553703326876,-140.80553703326876,140.80553703326876
NRLMSISE-00,2000-07-01T12:00:00Z,25.0,-90.0,150.0,150.0,4.0,6.95,259.3325196337483,1.219731021730735e+19,0.4931963698513411,0.0005861697848271132,0.49319636985134113,140.06776903778086,-140.06776903778086,140.06776903778086
NRLMSISE-00,2000-07-01T12:00:00Z,25.0,-90.0,150.0,150.0,4.0,7.0,258.9939565565821,1.2133372678109497e+19,0.49061106524993287,0.0005830971193847928,0.49061106524993275,139.33354253098094,-139.33354253098094,139.33354253098094
NRLMSISE-00,2000-07-01T12:00:00Z,25.0,-90.0,150.0,150.0,4.0,7.05,258.65424549639897,1.2069741959197168e+19,0.48803816687976087,0.0005800391988966914,0.4880381668797609,138.6028393938521,-138.6028393938521,138.6028393938521
NRLMSISE-00,2000-07-01T12:00:00Z,25.0,-90.0,150.0,150.0,4.0,7.1,258.3133845222582,1.20064164844646e+19,0.4854776110112302,0.0005769959476194225,0.4854776110112301,137.87564152718937,-137.87564152718937,137.87564152718937
NRLMSISE-00,2000-07-01T12:00:00Z,25.0,-90.0,150.0,150.0,4.0,7.15,257.9713718450857,1.1943394679664687e+19,0.48292933398990034,0.0005739672898989226,0.4829293339899003,137.1519308531317,-137.1519308531317,137.1519308531317
NRLMSISE-00,2000-07-01T12:00:00Z,25.0,-90.0,150.0,150.0,4.0,7.2,257.62820581751504,1.1880674972540477e+19,0.4803932722418022,0.0005709531501767688,0.4803932722418021,136.43168931667182,-136.43168931667182,136.43168931667182
NRLMSISE-00,2000-07-01T12:00:00Z,25.0,-90.0,150.0,150.0,4.0,7.25,257.2838849337154,1.181825579295456e+19,0.4778693622786703,0.0005679534529963982,0.4778693622786701,135.71489888714237,-135.71489888714237,135.71489888714237
NRLMSISE-00,2000-07-01T12:00:00Z,25.0,-90.0,150.0,150.0,4.0,7.3,256.9384078292045,1.175613557301654e+19,0.4753575407030965,0.0005649681230092332,0.4753575407030965,135.0015415596794,-135.0015415596794,135.0015415596794
NRLMSISE-00,2000-07-01T12:00:00Z,25.0,-90.0,150.0,150.0,4.0,7.35,256.5917732806488,1.1694312747208557e+19,0.4728577442136062,0.0005619970849807137,0.47285774421360616,134.29159935666416,-134.29159935666416,134.29159935666416
NRLMSISE-00,2000-07-01T12:00:00Z,25.0,-90.0,150.0,150.0,4.0,7.4,256.24398020564837,1.1632785752508856e+19,0.4703699096096542,0.0005590402637962358,0.4703699096096541,133.5850543291418,-133.5850543291418,133.5850543291418
NRLMSISE-00,2000-07-01T12:00:00Z,25.0,-90.0,150.0,150.0,4.0,7.45,255.89502766250854,1.157155302851336e+19,0.4678939737965406,0.0005560975844669942,0.46789397379654046,132.88188855821753,-132.88188855821753,132.88188855821753
NRLMSISE-00,2000-07-01T12:00:00Z,25.0,-90.0,150.0,150.0,4.0,7.5,255.54491484999664,1.151061301755562e+19,0.4654298737902612,0.0005531689721357463,0.46542987379026096,132.18208415643417,-132.18208415643417,132.18208415643417
NRLMSISE-00,2000-07-01T12:00:00Z,25.0,-90.0,150.0,150.0,4.0,7.55,255.1936411070849,1.1449964164824566e+19,0.46297754672226865,0.000550254352082472,0.4629775467222686,131.4856232691243,-131.4856232691243,131.4856232691243
NRLMSISE-00,2000-07-01T12:00:00Z,25.0,-90.0,150.0,150.0,4.0,7.6,254.84120591267802,1.1389604918480691e+19,0.46053692984417033,0.0005473536497299556,0.4605369298441702,130.7924880757444,-130.7924880757444,130.7924880757444
NRLMSISE-00,2000-07-01T12:00:00Z,25.0,-90.0,150.0,150.0,4.0,7.65,254.48760888532692,1.1329533729770232e+19,0.458107960532345,0.0005444667906492745,0.4581079605323449,130.10266079118597,-130.10266079118597,130.10266079118597
NRLMSISE-00,2000-07-01T12:00:00Z,25.0,-90.0,150.0,150.0,4.0,7.7,254.13284978292754,1.1269749053137672e+19,0.45569057629249216,0.000541593700565205,0.4556905762924921,129.41612366706778,-129.41612366706778,129.41612366706778
NRLMSISE-00,2000-07-01T12:00:00Z,25.0,-90.0,150.0,150.0,4.0,7.75,253.77692850240467,1.1210249346336383e+19,0.45328471476410565,0.0005387343053615396,0.45328471476410565,128.732858993006,-128.732858993006,128.732858993006
NRLMSISE-00,2000-07-01T12:00:00Z,25.0,-90.0,150.0,150.0,4.0,7.8,253.41984507938162,1.115103307053759e+19,0.45089031372487987,0.0005358885310863236,0.45089031372487975,128.05284909786587,-128.05284909786587,128.05284909786587
NRLMSISE-00,2000-07-01T12:00:00Z,25.0,-90.0,150.0,150.0,4.0,7.85,253.0615996878344,1.1092098690437562e+19,0.44850731109504355,0.0005330563039570068,0.44850731109504355,127.37607635099236,-127.37607635099236,127.37607635099236
NRLMSISE-00,2000-07-01T12:00:00Z,25.0,-90.0,150.0,150.0,4.0,7.9,252.7021926397313,1.1033444674363042e+19,0.4461356449416232,0.0005302375503655089,0.4461356449416232,126.70252316342099,-126.70252316342099,126.70252316342099
NRLMSISE-00,2000-07-01T12:00:00Z,25.0,-90.0,150.0,150.0,4.0,7.95,252.34162438465697,1.0975069494375055e+19,0.4437752534826406,0.0005274321968832101,0.4437752534826406,126.03217198906992,-126.03217198906992,126.03217198906992
NRLMSISE-00,2000-07-01T12:00:00Z,25.0,-90.0,150.0,150.0,4.0,8.0,251.97989550942285,1.0916971626371066e+19,0.4414260750912431,0.0005246401702658589,0.4414260750912431,125.36500532591305,-125.36500532591305,125.36500532591305
NRLMSISE-00,2000-07-01T12:00:00Z,25.0,-90.0,150.0,150.0,4.0,8.05,251.61700673766066,1.085914955018536e+19,0.43908804829976306,0.0005218613974583967,0.43908804829976295,124.7010057171327,-124.7010057171327,124.7010057171327
NRLMSISE-00,2000-07-01T12:00:00Z,25.0,-90.0,150.0,150.0,4.0,8.1,251.2529589294021,1.0801601749687927e+19,0.43676111180371574,0.0005190958055997108,0.4367611118037158,124.04015575225527,-124.04015575225527,124.04015575225527
NRLMSISE-00,2000-07-01T12:00:00Z,25.0,-90.0,150.0,150.0,4.0,8.15,250.8877530806432,1.0744326712881662e+19,0.43444520446572993,0.0005163433220273035,0.43444520446572993,123.3824380682673,-123.3824380682673,123.3824380682673
NRLMSISE-00,2000-07-01T12:00:00Z,25.0,-90.0,150.0,150.0,4.0,8.2,250.52139032289304,1.0687322931997946e+19,0.4321402653194124,0.0005136038742818877,0.4321402653194124,122.72783535071312,-122.72783535071312,122.72783535071312
NRLMSISE-00,2000-07-01T12:00:00Z,25.0,-90.0,150.0,150.0,4.0,8.25,250.1538719227078,1.0630588903590707e+19,0.4298462335731517,0.0005108773901119057,0.42984623357315166,122.0763303347751,-122.0763303347751,122.0763303347751
NRLMSISE-00,2000-07-01T12:00:00Z,25.0,-90.0,150.0,150.0,4.0,8.3,249.78519928120943,1.0574123128628929e+19,0.4275630486138583,0.0005081637974779761,0.42756304861385835,121.42790580633576,-121.42790580633576,121.42790580633576
NRLMSISE-00,2000-07-01T12:00:00Z,25.0,-90.0,150.0,150.0,4.0,8.35,249.41537393358905,1.0517924112587553e+19,0.4252906500106405,0.0005054630245572607,0.4252906500106405,120.78254460302189,-120.78254460302189,120.78254460302189
NRLMSISE-00,2000-07-01T12:00:00Z,25.0,-90.0,150.0,150.0,4.0,8.4,249.04439754859501,1.0461990365536922e+19,0.4230289775184208,0.0005027749997477646,0.42302897751842083,120.1402296152315,-120.1402296152315,120.1402296152315
NRLMSISE-00,2000-07-01T12:00:00Z,25.0,-90.0,150.0,150.0,4.0,8.45,248.67227192800613,1.0406320402230684e+19,0.4207779710814905,0.0005000996516725597,0.4207779710814906,119.5009437871433,-119.5009437871433,119.5009437871433
NRLMSISE-00,2000-07-01T12:00:00Z,25.0,-90.0,150.0,150.0,4.0,8.5,248.29899900608962,1.0350912742192226e+19,0.41853757083700477,0.0004974369091839385,0.4185375708370047,118.86467011770935,-118.86467011770935,118.86467011770935
NRLMSISE-00,2000-07-01T12:00:00Z,25.0,-90.0,150.0,150.0,4.0,8.55,247.92458084904362,1.0295765909799666e+19,0.41630771711841863,0.0004947867013674991,0.41630771711841863,118.2313916616309,-118.2313916616309,118.2313916616309
NRLMSISE-00,2000-07-01T12:00:00Z,25.0,-90.0,150.0,150.0,4.0,8.6,247.54901965442448,1.0240878434369305e+19,0.4140883504588622,0.0004921489575461551,0.41408835045886216,117.60109153031686,-117.60109153031686,117.60109153031686
NRLMSISE-00,2000-07-01T12:00:00Z,25.0,-90.0,150.0,150.0,4.0,8.65,247.17231775055956,1.0186248850237784e+19,0.4118794115944621,0.0004895236072840841,0.411879411594462,116.97375289282724,-116.97375289282724,116.97375289282724
NRLMSISE-00,2000-07-01T12:00:00Z,25.0,-90.0,150.0,150.0,4.0,8.7,246.79447759594376,1.013187569684263e+19,0.4096808414675985,0.00048691058039059877,0.40968084146759853,116.34935897679797,-116.34935897679797,116.34935897679797
NRLMSISE-00,2000-07-01T12:00:00Z,25.0,-90.0,150.0,150.0,4.0,8.75,246.41550177862217,1.0077757518801658e+19,0.4074925812301158,0.0004843098069239618,0.4074925812301157,115.72789306935289,-115.72789306935289,115.72789306935289
NRLMSISE-00,2000-07-01T12:00:00Z,25.0,-90.0,150.0,150.0,4.0,8.8,246.03539301555702,1.0023892865990697e+19,0.40531457224646517,0.00048172121719512257,0.4053145722464651,115.10933851799611,-115.10933851799611,115.10933851799611
NRLMSISE-00,2000-07-01T12:00:00Z,25.0,-90.0,150.0,150.0,4.0,8.85,245.6541541519796,9.970280293620232e+18,0.403146756096804,0.00047914474177139917,0.403146756096804,114.49367873149234,-114.49367873149234,114.49367873149234
NRLMSISE-00,2000-07-01T12:00:00Z,25.0,-90.0,150.0,150.0,4.0,8.9,245.27178816072748,9.916918362310418e+18,0.40098907458002886,0.00047658031148008385,0.40098907458002886,113.8808971807282,-113.8808971807282,113.8808971807282
NRLMSISE-00,2000-07-01T12:00:00Z,25.0,-90.0,150.0,150.0,4.0,8.95,244.8882981415666,9.86380563816497e+18,0.39884146971676304,0.000474027857411994,0.39884146971676304,113.2709773995607,-113.2709773995607,113.2709773995607
NRLMSISE-00,2000-07-01T12:00:00Z,25.0,-90.0,150.0,150.0,4.0,9.0,244.50368732049859,9.810940692843633e+18,0.3967038837522873,0.00047148731092495503,0.3967038837522873,112.6639029856496,-112.6639029856496,112.6639029856496
NRLMSISE-00,2000-07-01T12:00:00Z,25.0,-90.0,150.0,150.0,4.0,9.05,244.11795904905358,9.758322103633332e+18,0.39457625915941635,0.0004689586036472191,0.39457625915941635,112.05965760127424,-112.05965760127424,112.05965760127424
NRLMSISE-00,2000-07-01T12:00:00Z,25.0,-90.0,150.0,150.0,4.0,9.1,243.73111680356803,9.70594845351811e+18,0.3924585386413271,0.0004664416674808265,0.39245853864132707,111.4582249741369,-111.4582249741369,111.4582249741369
NRLMSISE-00,2000-07-01T12:00:00Z,25.0,-90.0,150.0,150.0,4.0,9.15,243.34316418444752,9.653818331247661e+18,0.3903506651343296,0.0004639364346048994,0.3903506651343296,110.85958889814961,-110.85958889814961,110.85958889814961
NRLMSISE-00,2000-07-01T12:00:00Z,25.0,-90.0,150.0,150.0,4.0,9.2,242.95410491541588,9.60193033140471e+18,0.3882525818105917,0.0004614428374788794,0.38825258181059163,110.26373323420805,-110.26373323420805,110.26373323420805
NRLMSISE-00,2000-07-01T12:00:00Z,25.0,-90.0,150.0,150.0,4.0,9.25,242.5639428427495,9.550283054471072e+18,0.38616423208081,0.00045896080884570245,0.38616423208080985,109.67064191095005,-109.67064191095005,109.67064191095005
NRLMSISE-00,2000-07-01T12:00:00Z,25.0,-90.0,150.0,150.0,4.0,9.3,242.17268193449664,9.49887510689253e+18,0.38408555959683327,0.0004564902817349171,0.3840855595968332,109.08029892550064,-109.08029892550064,109.08029892550064
NRLMSISE-00,2000-07-01T12:00:00Z,25.0,-90.0,150.0,150.0,4.0,9.35,241.78032627968344,9.44770510114242e+18,0.38201650825423344,0.0004540311894657394,0.38201650825423344,108.49268834420229,-108.49268834420229,108.49268834420229
NRLMSISE-00,2000-07-01T12:00:00Z,25.0,-90.0,150.0,150.0,4.0,9.4,241.38688008750535,9.396771655784094e+18,0.3799570221948313,0.0004515834656500549,0.3799570221948312,107.90779430333208,-107.90779430333208,107.90779430333208
NRLMSISE-00,2000-07-01T12:00:00Z,25.0,-90.0,150.0,150.0,4.0,9.45,240.99234768650373,9.346073395532024e+18,0.3779070458091672,0.0004491470441953562,0.3779070458091672,107.32560100980348,-107.32560100980348,107.32560100980348
NRLMSISE-00,2000-07-01T12:00:00Z,25.0,-90.0,150.0,150.0,4.0,9.5,240.59673352373025,9.295608951311956e+18,0.3758665237389335,0.000446721859307632,0.3758665237389334,106.74609274185711,-106.74609274185711,106.74609274185711
NRLMSISE-00,2000-07-01T12:00:00Z,25.0,-90.0,150.0,150.0,4.0,9.55,240.2000421638956,9.245376960319676e+18,0.3738354008793505,0.000444307845494193,0.3738354008793506,106.16925384973555,-106.16925384973555,106.16925384973555
NRLMSISE-00,2000-07-01T12:00:00Z,25.0,-90.0,150.0,150.0,4.0,9.6,239.80227828850536,9.195376066078769e+18,0.3718136223815023,0.00044190493756644605,0.3718136223815023,105.59506875634665,-105.59506875634665,105.59506875634665
NRLMSISE-00,2000-07-01T12:00:00Z,25.0,-90.0,150.0,150.0,4.0,9.65,239.4034466949826,9.14560491849707e+18,0.36980113365461903,0.00043951307064260845,0.369801133654619,105.02352195791181,-105.02352195791181,105.02352195791181
NRLMSISE-00,2000-07-01T12:00:00Z,25.0,-90.0,150.0,150.0,4.0,9.7,239.0035522957757,9.096062173922141e+18,0.3677978803683202,0.0004371321801503733,0.36779788036832023,104.45459802460293,-104.45459802460293,104.45459802460293
NRLMSISE-00,2000-07-01T12:00:00Z,25.0,-90.0,150.0,150.0,4.0,9.75,238.60260011745476,9.046746495195552e+18,0.36580380845480953,0.0004347622018295178,0.3658038084548096,103.8882816011659,-103.8882816011659,103.8882816011659
NRLMSISE-00,2000-07-01T12:00:00Z,25.0,-90.0,150.0,150.0,4.0,9.8,238.20059529979287,8.997656551705995e+18,0.36381886411102277,0.0004324030717344565,0.3638188641110228,103.32455740753046,-103.32455740753046,103.32455740753046
NRLMSISE-00,2000-07-01T12:00:00Z,25.0,-90.0,150.0,150.0,4.0,9.85,237.79754309483567,8.948791019441404e+18,0.3618429938007348,0.0004300547262367454,0.3618429938007347,102.76341023940869,-102.76341023940869,102.76341023940869
NRLMSISE-00,2000-07-01T12:00:00Z,25.0,-90.0,150.0,150.0,4.0,9.9,237.39344886595742,8.9001485810399e+18,0.35987614425661985,0.000427717102027531,0.3598761442566198,102.20482496888003,-102.20482496888003,102.20482496888003
NRLMSISE-00,2000-07-01T12:00:00Z,25.0,-90.0,150.0,150.0,4.0,9.95,236.9883180869039,8.851727925839651e+18,0.35791826248226766,0.00042539013611994566,0.35791826248226766,101.64878654496401,-101.64878654496401,101.64878654496401
NRLMSISE-00,2000-07-01T12:00:00Z,25.0,-90.0,150.0,150.0,4.0,10.0,236.58215634082418,8.80352774992778e+18,0.3559692957541607,0.0004230737658514581,0.3559692957541607,101.09527999418164,-101.09527999418164,101.09527999418164
NRLMSISE-00,2000-07-01T12:00:00Z,25.0,-90.0,150.0,150.0,4.0,10.05,236.17498749336255,8.755546083645275e+18,0.3540291644294387,0.0004207678965655762,0.35402916442943866,100.5442826979606,-100.5442826979606,100.5442826979606
NRLMSISE-00,2000-07-01T12:00:00Z,25.0,-90.0,150.0,150.0,4.0,10.1,235.76690770838383,8.707778322388286e+18,0.3520976823216504,0.00041847230697747575,0.3520976823216504,99.99574177934872,-99.99574177934872,99.99574177934872
NRLMSISE-00,2000-07-01T12:00:00Z,25.0,-90.0,150.0,150.0,4.0,10.15,235.3580300393731,8.660219327874892e+18,0.3501746416651536,0.00041618675015520583,0.35017464166515366,99.44959823290363,-99.44959823290363,99.44959823290363
NRLMSISE-00,2000-07-01T12:00:00Z,25.0,-90.0,150.0,150.0,4.0,10.2,234.9484661270286,8.612864110567495e+18,0.34825984070876,0.0004139109863150657,0.3482598407087599,98.90579476128784,-98.90579476128784,98.90579476128784
NRLMSISE-00,2000-07-01T12:00:00Z,25.0,-90.0,150.0,150.0,4.0,10.25,234.53832619832176,8.565707827359798e+18,0.3463530836222085,0.00041164478271044807,0.34635308362220846,98.36427574870721,-98.36427574870721,98.36427574870721
NRLMSISE-00,2000-07-01T12:00:00Z,25.0,-90.0,150.0,150.0,4.0,10.3,234.1277190666573,8.518745779286468e+18,0.34445418040355574,0.0004093879135217703,0.3444541804035557,97.82498723460984,-97.82498723460984,97.82498723460984
NRLMSISE-00,2000-07-01T12:00:00Z,25.0,-90.0,150.0,150.0,4.0,10.35,233.71675213310527,8.471973409254915e+18,0.3425629467874612,0.0004071401597474713,0.3425629467874612,97.28787688763897,-97.28787688763897,97.28787688763897
NRLMSISE-00,2000-07-01T12:00:00Z,25.0,-90.0,150.0,150.0,4.0,10.4,233.30553138866654,8.425386299798589e+18,0.3406792041543416,0.00040490130909603977,0.34067920415434166,96.75289397983302,-96.75289397983302,96.75289397983302
NRLMSISE-00,2000-07-01T12:00:00Z,25.0,-90.0,150.0,150.0,4.0,10.45,232.89416141754205,8.37898017085111e+18,0.3388027794403687,0.0004026711558790456,0.33880277944036863,96.2199893610647,-96.2199893610647,96.2199893610647
NRLMSISE-00,2000-07-01T12:00:00Z,25.0,-90.0,150.0,150.0,4.0,10.5,232.4827454013713,8.332750877540744e+18,0.33693350504828895,0.0004004495009051485,0.3369335050482889,95.68911543371406,-95.68911543371406,95.68911543371406
NRLMSISE-00,2000-07-01T12:00:00Z,25.0,-90.0,150.0,150.0,4.0,10.55,232.0713851244085,8.286694408004653e+18,0.33507121875904317,0.0003982361513750562,0.3350712187590431,95.16022612756827,-95.16022612756827,95.16022612756827
NRLMSISE-00,2000-07-01T12:00:00Z,25.0,-90.0,150.0,150.0,4.0,10.6,231.6601809796033,8.240806881222339e+18,0.3332157636441621,0.00039603092077740594,0.33321576364416206,94.63327687494204,-94.63327687494204,94.63327687494204
NRLMSISE-00,2000-07-01T12:00:00Z,25.0,-90.0,150.0,150.0,4.0,10.65,231.24923197555574,8.195084544867977e+18,0.33136698797892605,0.0003938336287855536,0.331366987978926,94.108224586015,-94.108224586015,94.108224586015
NRLMSISE-00,2000-07-01T12:00:00Z,25.0,-90.0,150.0,150.0,4.0,10.7,230.83863574431226,8.14952377318089e+18,0.3295247451562574,0.0003916441011552338,0.3295247451562574,93.5850276243771,-93.5850276243771,93.5850276243771
NRLMSISE-00,2000-07-01T12:00:00Z,25.0,-90.0,150.0,150.0,4.0,10.75,230.42848854997493,8.104121064854108e+18,0.3276888936013454,0.00038946216962309035,0.32768889360134534,93.06364578278209,-93.06364578278209,93.06364578278209
NRLMSISE-00,2000-07-01T12:00:00Z,25.0,-90.0,150.0,150.0,4.0,10.8,230.0188852980902,8.058873040940165e+18,0.32585929668696684,0.00038728767180603446,0.32585929668696684,92.54404025909858,-92.54404025909858,92.54404025909858
NRLMSISE-00,2000-07-01T12:00:00Z,25.0,-90.0,150.0,150.0,4.0,10.85,229.6099195457906,8.013776442774106e+18,0.3240358226495036,0.0003851204511014299,0.3240358226495036,92.02617363245902,-92.02617363245902,92.02617363245902
NRLMSISE-00,2000-07-01T12:00:00Z,25.0,-90.0,150.0,150.0,4.0,10.9,229.20168351265804,7.968828129913221e+18,0.32221834450563586,0.00038296035658808215,0.3222183445056359,91.51000983960058,-91.51000983960058,91.51000983960058
NRLMSISE-00,2000-07-01T12:00:00Z,25.0,-90.0,150.0,150.0,4.0,10.95,228.79426809228093,7.924025078093026e+18,0.32040673996969254,0.0003808072429280083,0.32040673996969254,90.99551415139268,-90.99551415139268,90.99551415139268
NRLMSISE-00,2000-07-01T12:00:00Z,25.0,-90.0,150.0,150.0,4.0,11.0,228.38776286447737,7.879364377199393e+18,0.31860089137165476,0.0003786609702689836,0.3186008913716547,90.48265314954995,-90.48265314954995,90.48265314954995
NRLMSISE-00,2000-07-01T12:00:00Z,25.0,-90.0,150.0,150.0,4.0,11.05,227.98225610815686,7.834843229256377e+18,0.3168006855757939,0.00037652140414784133,0.31680068557579383,89.97139470352546,-89.97139470352546,89.97139470352546
NRLMSISE-00,2000-07-01T12:00:00Z,25.0,-90.0,150.0,150.0,4.0,11.1,227.5778348147927,7.790458946429573e+18,0.31500601389993754,0.00037438841539451953,0.3150060138999375,89.46170794758225,-89.46170794758225,89.46170794758225
NRLMSISE-00,2000-07-01T12:00:00Z,25.0,-90.0,150.0,150.0,4.0,11.15,227.1745847024813,7.746208949044578e+18,0.3132167720353464,0.0003722618800368341,0.3132167720353464,88.95356325803839,-88.95356325803839,88.95356325803839
NRLMSISE-00,2000-07-01T12:00:00Z,25.0,-90.0,150.0,150.0,4.0,11.2,226.77259023055987,7.702090763620529e+18,0.31143285996720094,0.00037014167920597525,0.3114328599672009,88.44693223068506,-88.44693223068506,88.44693223068506
NRLMSISE-00,2000-07-01T12:00:00Z,25.0,-90.0,150.0,150.0,4.0,11.25,226.37193461476016,7.658102020918347e+18,0.3096541818956818,0.0003680276990427122,0.3096541818956818,87.94178765837363,-87.94178765837363,87.94178765837363
NRLMSISE-00,2000-07-01T12:00:00Z,25.0,-90.0,150.0,150.0,4.0,11.3,225.97269984287286,7.614240454003535e+18,0.30788064615764,0.00036591983060429577,0.3078806461576399,87.43810350876976,-87.43810350876976,87.43810350876976
NRLMSISE-00,2000-07-01T12:00:00Z,25.0,-90.0,150.0,150.0,4.0,11.35,225.57496669089937,7.57050389632333e+18,0.3061121651488465,0.00036381796977205216,0.3061121651488465,86.9358549022724,-86.9358549022724,86.9358549022724
NRLMSISE-00,2000-07-01T12:00:00Z,25.0,-90.0,150.0,150.0,4.0,11.4,225.17881473966796,7.526890279798088e+18,0.30434865524681776,0.00036172201715965914,0.3043486552468177,86.43501809009624,-86.43501809009624,86.43501809009624
NRLMSISE-00,2000-07-01T12:00:00Z,25.0,-90.0,150.0,150.0,4.0,11.45,224.78432239189206,7.483397632926658e+18,0.30259003673420676,0.00035963187802209645,0.30259003673420676,85.93557043251472,-85.93557043251472,85.93557043251472
NRLMSISE-00,2000-07-01T12:00:00Z,25.0,-90.0,150.0,150.0,4.0,11.5,224.39156688965062,7.440024078905728e+18,0.3008362337227592,0.00035754746216526596,0.3008362337227592,85.43749037726361,-85.43749037726361,85.43749037726361
NRLMSISE-00,2000-07-01T12:00:00Z,25.0,-90.0,150.0,150.0,4.0,11.55,224.00062433226663,7.396767833762922e+18,0.29908717407782537,0.00035546868385627375,0.29908717407782537,84.94075743810241,-84.94075743810241,84.94075743810241
NRLMSISE-00,2000-07-01T12:00:00Z,25.0,-90.0,150.0,150.0,4.0,11.6,223.61156969456758,7.353627204503596e+18,0.2973427893434262,0.0003533954617343699,0.2973427893434262,84.44535217353304,-84.44535217353304,84.44535217353304
NRLMSISE-00,2000-07-01T12:00:00Z,25.0,-90.0,150.0,150.0,4.0,11.65,223.22447684550517,7.310600587271204e+18,0.295603014667868,0.00035132771872254076,0.2956030146678679,83.95125616567451,-83.95125616567451,83.95125616567451
NRLMSISE-00,2000-07-01T12:00:00Z,25.0,-90.0,150.0,150.0,4.0,11.7,222.8394185671175,7.267686465521201e+18,0.2938677887299044,0.00034926538193975155,0.2938677887299044,83.45845199929285,-83.45845199929285,83.45845199929285
NRLMSISE-00,2000-07-01T12:00:00Z,25.0,-90.0,150.0,150.0,4.0,11.75,222.45646657381528,7.224883408208381e+18,0.2921370536654418,0.0003472083826138349,0.29213705366544185,82.96692324098547,-82.96692324098547,82.96692324098547
NRLMSISE-00,2000-07-01T12:00:00Z,25.0,-90.0,150.0,150.0,4.0,11.8,222.07569153197375,7.182190067987637e+18,0.2904107549947872,0.00034515665599502387,0.2904107549947872,82.47665441851956,-82.47665441851956,82.47665441851956
NRLMSISE-00,2000-07-01T12:00:00Z,25.0,-90.0,150.0,150.0,4.0,11.85,221.6971630798156,7.139605179428021e+18,0.28868884155043417,0.0003431101412701252,0.2886888415504341,81.9876310003233,-81.9876310003233,81.9876310003233
NRLMSISE-00,2000-07-01T12:00:00Z,25.0,-90.0,150.0,150.0,4.0,11.9,221.3209498475668,7.09712755724017e+18,0.2869712654053888,0.0003410687814773334,0.2869712654053888,81.49983937513042,-81.49983937513042,81.49983937513042
NRLMSISE-00,2000-07-01T12:00:00Z,25.0,-90.0,150.0,150.0,4.0,11.95,220.9471194778717,7.054756094517008e+18,0.28525798180203316,0.00033903252342168394,0.28525798180203304,81.01326683177741,-81.01326683177741,81.01326683177741
NRLMSISE-00,2000-07-01T12:00:00Z,25.0,-90.0,150.0,150.0,4.0,12.0,220.57573864645204,7.012489760987785e+18,0.2835489490815273,0.00033700131759114763,0.2835489490815273,80.52790153915375,-80.52790153915375,80.52790153915375
NRLMSISE-00,2000-07-01T12:00:00Z,25.0,-90.0,150.0,150.0,4.0,12.05,220.2068730829954,6.970327601285376e+18,0.28184412861374786,0.00033497511807336055,0.2818441286137478,80.0437325263044,-80.0437325263044,80.0437325263044
NRLMSISE-00,2000-07-01T12:00:00Z,25.0,-90.0,150.0,150.0,4.0,12.1,219.84058759226173,6.928268733226876e+18,0.2801434847277643,0.0003329538824729951,0.28014348472776424,79.56074966268505,-79.56074966268505,79.56074966268505
NRLMSISE-00,2000-07-01T12:00:00Z,25.0,-90.0,150.0,150.0,4.0,12.15,219.4769460753927,6.886312346107576e+18,0.2784469846428559,0.00033093757182977267,0.2784469846428559,79.07894363857108,-79.07894363857108,79.07894363857108
NRLMSISE-00,2000-07-01T12:00:00Z,25.0,-90.0,150.0,150.0,4.0,12.2,219.11601155141392,6.844457699008229e+18,0.2767545984000664,0.0003289261505371153,0.2767545984000664,78.59830594561885,-78.59830594561885,78.59830594561885
NRLMSISE-00,2000-07-01T12:00:00Z,25.0,-90.0,150.0,150.0,4.0,12.25,218.75784617891836,6.802704119115761e+18,0.27506629879430217,0.0003269195862614439,0.2750662987943021,78.11882885758182,-78.11882885758182,78.11882885758182
NRLMSISE-00,2000-07-01T12:00:00Z,25.0,-90.0,150.0,150.0,4.0,12.3,218.40251127791947,6.76105100005739e+18,0.27338206130697285,0.00032491784986212054,0.2733820613069728,77.64050541118029,-77.64050541118029,77.64050541118029
NRLMSISE-00,2000-07-01T12:00:00Z,25.0,-90.0,150.0,150.0,4.0,12.35,218.05006735186456,6.719497800248188e+18,0.27170186403917473,0.00032292091531203627,0.27170186403917473,77.16332938712563,-77.16332938712563,77.16332938712563
NRLMSISE-00,2000-07-01T12:00:00Z,25.0,-90.0,150.0,150.0,4.0,12.4,217.70057410979945,6.678044041252304e+18,0.2700256876454275,0.0003209287596188561,0.27002568764542745,76.68729529130141,-76.68729529130141,76.68729529130141
NRLMSISE-00,2000-07-01T12:00:00Z,25.0,-90.0,150.0,150.0,4.0,12.45,217.35409048867442,6.636689306157615e+18,0.26835351526795337,0.0003189413627469098,0.26835351526795337,76.21239833609876,-76.21239833609876,76.21239833609876
NRLMSISE-00,2000-07-01T12:00:00Z,25.0,-90.0,150.0,150.0,4.0,12.5,217.01067467578474,6.595433237964214e+18,0.26668533247151577,0.0003169587075397458,0.26668533247151577,75.73863442191048,-75.73863442191048,75.73863442191048
NRLMSISE-00,2000-07-01T12:00:00Z,25.0,-90.0,150.0,150.0,4.0,12.55,216.67038413133704,6.554275537986551e+18,0.2650211271788102,0.0003149807796433435,0.26502112717881027,75.2660001187821,-75.2660001187821,75.2660001187821
NRLMSISE-00,2000-07-01T12:00:00Z,25.0,-90.0,150.0,150.0,4.0,12.6,216.3332756111348,6.513215964269397e+18,0.2633608896064142,0.00031300756742998795,0.2633608896064142,74.79449264822163,-74.79449264822163,74.79449264822163
NRLMSISE-00,2000-07-01T12:00:00Z,25.0,-90.0,150.0,150.0,4.0,12.65,215.99940518937748,6.472254330017769e+18,0.2617046122013011,0.00031103906192281685,0.2617046122013011,74.3241098651695,-74.3241098651695,74.3241098651695
NRLMSISE-00,2000-07-01T12:00:00Z,25.0,-90.0,150.0,150.0,4.0,12.7,215.6688282815661,6.431390502040782e+18,0.26005228957791793,0.00030907525672103594,0.2600522895779179,73.8548502401287,-73.8548502401287,73.8548502401287
NRLMSISE-00,2000-07-01T12:00:00Z,25.0,-90.0,150.0,150.0,4.0,12.75,215.3415996675114,6.390624399209646e+18,0.2584039184558345,0.0003071161479258149,0.25840391845583444,73.386712841457,-73.386712841457,73.386712841457
NRLMSISE-00,2000-07-01T12:00:00Z,25.0,-90.0,150.0,150.0,4.0,12.8,215.01777351443855,6.349955990929809e+18,0.25675949759796474,0.000305161734066862,0.25675949759796474,72.91969731782198,-72.91969731782198,72.91969731782198
NRLMSISE-00,2000-07-01T12:00:00Z,25.0,-90.0,150.0,150.0,4.0,12.85,214.6974034001863,6.309385295627356e+18,0.2551190277493646,0.0003032120160296852,0.2551190277493646,72.45380388081955,-72.45380388081955,72.45380388081955
NRLMSISE-00,2000-07-01T12:00:00Z,25.0,-90.0,150.0,150.0,4.0,12.9,214.38054233649459,6.268912379249852e+18,0.2534825115766139,0.0003012669969835463,0.25348251157661383,71.98903328775835,-71.98903328775835,71.98903328775835
NRLMSISE-00,2000-07-01T12:00:00Z,25.0,-90.0,150.0,150.0,4.0,12.95,214.06724279238006,6.228537353781558e+18,0.25184995360777884,0.00029932668231010646,0.2518499536077788,71.52538682460919,-71.52538682460919,71.52538682460919
NRLMSISE-00,2000-07-01T12:00:00Z,25.0,-90.0,150.0,150.0,4.0,13.0,213.7575567175953,6.188260375773329e+18,0.2502213601729694,0.000297391079532777,0.2502213601729694,71.06286628912332,-71.06286628912332,71.06286628912332
NRLMSISE-00,2000-07-01T12:00:00Z,25.0,-90.0,150.0,150.0,4.0,13.05,213.45153556617097,6.148081644887166e+18,0.24859673934548795,0.00029546019824677424,0.24859673934548798,70.60147397411858,-70.60147397411858,70.60147397411858
NRLMSISE-00,2000-07-01T12:00:00Z,25.0,-90.0,150.0,150.0,4.0,13.1,213.14923032003952,6.108001402455472e+18,0.2469761008835733,0.0002935340500498817,0.24697610088357322,70.14121265093482,-70.14121265093482,70.14121265093482
NRLMSISE-00,2000-07-01T12:00:00Z,25.0,-90.0,150.0,150.0,4.0,13.15,212.85069151273808,6.068019930055358e+18,0.2453594561727527,0.00029161264847393504,0.24535945617275273,69.68208555306177,-69.68208555306177,69.68208555306177
NRLMSISE-00,2000-07-01T12:00:00Z,25.0,-90.0,150.0,150.0,4.0,13.2,212.55596925319338,6.028137548097816e+18,0.24374681816879556,0.00028969600891702075,0.24374681816879556,69.22409635993795,-69.22409635993795,69.22409635993795
NRLMSISE-00,2000-07-01T12:00:00Z,25.0,-90.0,150.0,150.0,4.0,13.25,212.26511324958562,5.988354614432103e+18,0.2421382013412818,0.00028778414857640787,0.24213820134128178,68.76724918092404,-68.76724918092404,68.76724918092404
NRLMSISE-00,2000-07-01T12:00:00Z,25.0,-90.0,150.0,150.0,4.0,13.3,211.9781728332943,5.948671522965268e+18,0.24053362161778255,0.0002858770863822052,0.24053362161778255,68.31154853945024,-68.31154853945024,68.31154853945024
NRLMSISE-00,2000-07-01T12:00:00Z,25.0,-90.0,150.0,150.0,4.0,13.35,211.69519698292646,5.909088702297058e+18,0.23893309632866291,0.00028397484293175883,0.23893309632866286,67.85699935734027,-67.85699935734027,67.85699935734027
NRLMSISE-00,2000-07-01T12:00:00Z,25.0,-90.0,150.0,150.0,4.0,13.4,211.41623434842907,5.869606614370243e+18,0.237336644152508,0.0002820774404247907,0.23733664415250794,67.40360693931227,-67.40360693931227,67.40360693931227
NRLMSISE-00,2000-07-01T12:00:00Z,25.0,-90.0,150.0,150.0,4.0,13.45,211.14133327528828,5.830225753136443e+18,0.23574428506217596,0.0002801849025992817,0.23574428506217598,66.95137695765797,-66.95137695765797,66.95137695765797
NRLMSISE-00,2000-07-01T12:00:00Z,25.0,-90.0,150.0,150.0,4.0,13.5,210.87054182881778,5.790946643237663e+18,0.23415604027148576,0.0002782972546681092,0.23415604027148573,66.50031543710196,-66.50031543710196,66.50031543710196
NRLMSISE-00,2000-07-01T12:00:00Z,25.0,-90.0,150.0,150.0,4.0,13.55,210.60390781854076,5.751769838703508e+18,0.23257193218253974,0.0002764145232564399,0.23257193218253971,66.05042873984128,-66.05042873984128,66.05042873984128
NRLMSISE-00,2000-07-01T12:00:00Z,25.0,-90.0,150.0,150.0,4.0,13.6,210.34147882266709,5.7126959216643e+18,0.23099198433368817,0.0002745367363398847,0.23099198433368817,65.60172355076745,-65.60172355076745,65.60172355076745
NRLMSISE-00,2000-07-01T12:00:00Z,25.0,-90.0,150.0,150.0,4.0,13.65,210.08330221267283,5.673725501080059e+18,0.22941622134813622,0.0002726639231834174,0.22941622134813622,65.15420686287068,-65.15420686287068,65.15420686287068
NRLMSISE-00,2000-07-01T12:00:00Z,25.0,-90.0,150.0,150.0,4.0,13.7,209.82942517798458,5.634859211485607e+18,0.22784466888320215,0.00027079611428106753,0.22784466888320207,64.70788596282941,-64.70788596282941,64.70788596282941
NRLMSISE-00,2000-07-01T12:00:00Z,25.0,-90.0,150.0,150.0,4.0,13.75,209.57989475077514,5.596097711751786e+18,0.22627735358022757,0.0002689333412963885,0.22627735358022752,64.26276841678464,-64.26276841678464,64.26276841678464
NRLMSISE-00,2000-07-01T12:00:00Z,25.0,-90.0,150.0,150.0,4.0,13.8,209.33475783087633,5.55744168386284e+18,0.22471430301514086,0.00026707563700370095,0.22471430301514084,63.818862056300006,-63.818862056300006,63.818862056300006
NRLMSISE-00,2000-07-01T12:00:00Z,25.0,-90.0,150.0,150.0,4.0,13.85,209.09406121081457,5.518891831710184e+18,0.2231555456496835,0.000265223035230125,0.22315554564968348,63.37617496451012,-63.37617496451012,63.37617496451012
NRLMSISE-00,2000-07-01T12:00:00Z,25.0,-90.0,150.0,150.0,4.0,13.9,208.85785160097709,5.480448879902544e+18,0.22160111078329836,0.00026337557079839904,0.2216011107832984,62.93471546245674,-62.93471546245674,62.93471546245674
NRLMSISE-00,2000-07-01T12:00:00Z,25.0,-90.0,150.0,150.0,4.0,13.95,208.62617565491476,5.442113572592553e+18,0.22005102850568317,0.00026153327947048857,0.22005102850568314,62.49449209561402,-62.49449209561402,62.49449209561402
NRLMSISE-00,2000-07-01T12:00:00Z,25.0,-90.0,150.0,150.0,4.0,14.0,208.3990799947913,5.403886672319966e+18,0.218505329650016,0.00025969619789199474,0.21850532965001598,62.05551362060455,-62.05551362060455,62.05551362060455
NRLMSISE-00,2000-07-01T12:00:00Z,25.0,-90.0,150.0,150.0,4.0,14.05,208.1766112369849,5.365768958871426e+18,0.21696404574685038,0.00025786436353735745,0.21696404574685035,61.61778899210551,-61.61778899210551,61.61778899210551
NRLMSISE-00,2000-07-01T12:00:00Z,25.0,-90.0,150.0,150.0,4.0,14.1,207.95881601785365,5.327761228157034e+18,0.21542720897868925,0.00025603781465586645,0.21542720897868925,61.18132734994775,-61.18132734994775,61.18132734994775
NRLMSISE-00,2000-07-01T12:00:00Z,25.0,-90.0,150.0,150.0,4.0,14.15,207.74574101967187,5.289864291103577e+18,0.213894852135233,0.00025421659021847276,0.213894852135233,60.74613800640617,-60.74613800640617,60.74613800640617
NRLMSISE-00,2000-07-01T12:00:00Z,25.0,-90.0,150.0,150.0,4.0,14.2,207.53743299674875,5.252078972564697e+18,0.21236700856931226,0.0002524007298654146,0.2123670085693122,60.31223043368468,-60.31223043368468,60.31223043368468
NRLMSISE-00,2000-07-01T12:00:00Z,25.0,-90.0,150.0,150.0,4.0,14.25,207.33393880174,5.21440611024788e+18,0.2108437121535009,0.0002505902738546512,0.2108437121535009,59.879614251594255,-59.879614251594255,59.879614251594255
NRLMSISE-00,2000-07-01T12:00:00Z,25.0,-90.0,150.0,150.0,4.0,14.3,207.13530541216164,5.176846553658447e+18,0.2093249972374164,0.00024878526301111377,0.2093249972374164,59.44829921542626,-59.44829921542626,59.44829921542626
NRLMSISE-00,2000-07-01T12:00:00Z,25.0,-90.0,150.0,150.0,4.0,14.35,206.9415799571206,5.139401163060472e+18,0.2078108986057048,0.0002469857386767702,0.20781089860570484,59.01829520402017,-59.01829520402017,59.01829520402017
NRLMSISE-00,2000-07-01T12:00:00Z,25.0,-90.0,150.0,150.0,4.0,14.4,206.7528097442708,5.102070808454834e+18,0.2063014514367184,0.0002451917426615129,0.2063014514367184,58.58961220802803,-58.58961220802803,58.58961220802803
NRLMSISE-00,2000-07-01T12:00:00Z,25.0,-90.0,150.0,150.0,4.0,14.45,206.5690422870104,5.064856368574245e+18,0.20479669126187966,0.00024340331719486255,0.20479669126187963,58.162260318373825,-58.162260318373825,58.162260318373825
NRLMSISE-00,2000-07-01T12:00:00Z,25.0,-90.0,150.0,150.0,4.0,14.5,206.3903253319322,5.027758729895506e+18,0.2032966539257423,0.0002416205048785,0.20329665392574228,57.73624971491082,-57.73624971491082,57.73624971491082
NRLMSISE-00,2000-07-01T12:00:00Z,25.0,-90.0,150.0,150.0,4.0,14.55,206.21670688654078,4.990778785668834e+18,0.201801375546742,0.00023984334863961804,0.201801375546742,57.31159065527473,-57.31159065527473,57.31159065527473
NRLMSISE-00,2000-07-01T12:00:00Z,25.0,-90.0,150.0,150.0,4.0,14.6,206.04823524725194,4.953917434964369e+18,0.200310892478642,0.0002380718916850992,0.20031089247864203,56.88829346393433,-56.88829346393433,56.88829346393433
NRLMSISE-00,2000-07-01T12:00:00Z,25.0,-90.0,150.0,150.0,4.0,14.65,205.88495902768923,4.917175581735938e+18,0.19882524127267692,0.00023630617745652282,0.19882524127267687,56.466368521440245,-56.466368521440245,56.466368521440245
NRLMSISE-00,2000-07-01T12:00:00Z,25.0,-90.0,150.0,150.0,4.0,14.7,205.72692718729306,4.880554133901912e+18,0.19734445864038694,0.00023454624958599375,0.1973444586403869,56.04582625386989,-56.04582625386989,56.04582625386989
NRLMSISE-00,2000-07-01T12:00:00Z,25.0,-90.0,150.0,150.0,4.0,14.75,205.57418906025893,4.844054002443422e+18,0.1958685814171545,0.00023279215185280453,0.19586858141715446,55.626677122471875,-55.626677122471875,55.626677122471875
NRLMSISE-00,2000-07-01T12:00:00Z,25.0,-90.0,150.0,150.0,4.0,14.8,205.42679438482324,4.807676100519665e+18,0.19439764652643185,0.0002310439281409198,0.19439764652643185,55.20893161350664,-55.20893161350664,55.20893161350664
NRLMSISE-00,2000-07-01T12:00:00Z,25.0,-90.0,150.0,150.0,4.0,14.85,205.28479333291222,4.77142134260054e+18,0.19293169094466928,0.00022930162239729305,0.1929316909446693,54.79260022828608,-54.79260022828608,54.79260022828608
NRLMSISE-00,2000-07-01T12:00:00Z,25.0,-90.0,150.0,150.0,4.0,14.9,205.1482365401748,4.735290643616422e+18,0.19147075166693625,0.00022756527859100676,0.19147075166693625,54.3776934734099,-54.3776934734099,54.3776934734099
NRLMSISE-00,2000-07-01T12:00:00Z,25.0,-90.0,150.0,150.0,4.0,14.95,205.01717513641782,4.699284918125145e+18,0.19001486567323872,0.00022583494067324045,0.19001486567323875,53.964221851199795,-53.964221851199795,53.964221851199795
NRLMSISE-00,2000-07-01T12:00:00Z,25.0,-90.0,150.0,150.0,4.0,15.0,204.89166077646343,4.663405079496252e+18,0.1885640698955342,0.00022411065253806722,0.18856406989553418,53.552195850331714,-53.552195850331714,53.552195850331714
NRLMSISE-00,2000-07-01T12:00:00Z,25.0,-90.0,150.0,150.0,4.0,15.05,204.77172361548867,4.627652536524378e+18,0.18711842129821787,0.0002223924818883523,0.18711842129821785,53.141631648693874,-53.141631648693874,53.141631648693874
NRLMSISE-00,2000-07-01T12:00:00Z,25.0,-90.0,150.0,150.0,4.0,15.1,204.65730637405957,4.5920306437545047e+18,0.18567805552180214,0.00022068058993446698,0.1856780555218021,52.73256776819181,-52.73256776819181,52.73256776819181
NRLMSISE-00,2000-07-01T12:00:00Z,25.0,-90.0,150.0,150.0,4.0,15.15,204.5483308575032,4.5565431377965537e+18,0.18424312365553672,0.00021897515624779186,0.1842431236555367,52.32504711817243,-52.32504711817243,52.32504711817243
NRLMSISE-00,2000-07-01T12:00:00Z,25.0,-90.0,150.0,150.0,4.0,15.2,204.44472002599926,4.521193631597482e+18,0.1828137717883782,0.0002172763544567992,0.18281377178837818,51.91911118789941,-51.91911118789941,51.91911118789941
NRLMSISE-00,2000-07-01T12:00:00Z,25.0,-90.0,150.0,150.0,4.0,15.25,204.34639795579574,4.4859856165432745e+18,0.18139014109398405,0.0002155843523480695,0.18139014109398402,51.51480007069147,-51.51480007069147,51.51480007069147
NRLMSISE-00,2000-07-01T12:00:00Z,25.0,-90.0,150.0,150.0,4.0,15.3,204.2532898014249,4.4509224645510016e+18,0.1799723679153043,0.00021389931196682976,0.17997236791530427,51.11215248794642,-51.11215248794642,51.11215248794642
NRLMSISE-00,2000-07-01T12:00:00Z,25.0,-90.0,150.0,150.0,4.0,15.35,204.16532175888366,4.41600743015026e+18,0.1785605838487446,0.00021222138971698214,0.1785605838487446,50.71120581304346,-50.71120581304346,50.71120581304346
NRLMSISE-00,2000-07-01T12:00:00Z,25.0,-90.0,150.0,150.0,4.0,15.4,204.0824210297457,4.3812436525531203e+18,0.17715491582786402,0.00021055073646057988,0.17715491582786402,50.311996095113386,-50.311996095113386,50.311996095113386
NRLMSISE-00,2000-07-01T12:00:00Z,25.0,-90.0,150.0,150.0,4.0,15.45,204.0045157861718,4.346634157711897e+18,0.17575548620658082,0.0002088874976167183,0.1757554862065808,49.914558082668954,-49.914558082668954,49.914558082668954
NRLMSISE-00,2000-07-01T12:00:00Z,25.0,-90.0,150.0,150.0,4.0,15.5,203.93153513678897,4.312181860364084e+18,0.174362412841859,0.0002072318132598089,0.174362412841859,49.51892524708796,-49.51892524708796,49.51892524708796
NRLMSISE-00,2000-07-01T12:00:00Z,25.0,-90.0,150.0,150.0,4.0,15.55,203.8634090934073,4.2778895660636467e+18,0.17297580917584326,0.00020558381821719751,0.17297580917584324,49.12512980593949,-49.12512980593949,49.12512980593949
NRLMSISE-00,2000-07-01T12:00:00Z,25.0,-90.0,150.0,150.0,4.0,15.6,203.80006853854678,4.243759973198207e+18,0.1715957843174237,0.00020394364216610517,0.1715957843174237,48.73320274614833,-48.73320274614833,48.73320274614833
NRLMSISE-00,2000-07-01T12:00:00Z,25.0,-90.0,150.0,150.0,4.0,15.65,203.74144519374676,4.209795674991343e+18,0.17022244312319837,0.0002023114097298528,0.17022244312319834,48.343173846988336,-48.343173846988336,48.343173846988336
NRLMSISE-00,2000-07-01T12:00:00Z,25.0,-90.0,150.0,150.0,4.0,15.7,203.68747158863155,4.1759991614895964e+18,0.16885588627781767,0.0002006872405733518,0.16885588627781767,47.95507170290022,-47.95507170290022,47.95507170290022
NRLMSISE-00,2000-07-01T12:00:00Z,25.0,-90.0,150.0,150.0,4.0,15.75,203.63808103070767,4.142372821533517e+18,0.16749621037368323,0.0001990712494978268,0.16749621037368323,47.56892374612604,-47.56892374612604,47.56892374612604
NRLMSISE-00,2000-07-01T12:00:00Z,25.0,-90.0,150.0,150.0,4.0,15.8,203.59320757586764,4.1089189447122683e+18,0.16614350798998212,0.000197463546534749,0.16614350798998212,47.184756269154924,-47.184756269154924,47.184756269154924
NRLMSISE-00,2000-07-01T12:00:00Z,25.0,-90.0,150.0,150.0,4.0,15.85,203.5527859995785,4.0756397233013555e+18,0.16479786777103844,0.00019586423703895798,0.16479786777103844,46.802594446974915,-46.802594446974915,46.802594446974915
NRLMSISE-00,2000-07-01T12:00:00Z,25.0,-90.0,150.0,150.0,4.0,15.9,203.5167517687315,4.042537254182935e+18,0.16345937450396097,0.00019427342178094658,0.16345937450396097,46.422462359124914,-46.422462359124914,46.422462359124914
NRLMSISE-00,2000-07-01T12:00:00Z,25.0,-90.0,150.0,150.0,4.0,15.95,203.48504101413315,4.009613540748331e+18,0.16212810919557094,0.00019269119703829086,0.16212810919557097,46.044383011542145,-46.044383011542145,46.044383011542145
NRLMSISE-00,2000-07-01T12:00:00Z,25.0,-90.0,150.0,150.0,4.0,16.0,203.45759050361627,3.976870494782355e+18,0.1608041491485943,0.00019111765468620516,0.16080414914859428,45.66837835820078,-45.66837835820078,45.66837835820078
NRLMSISE-00,2000-07-01T12:00:00Z,25.0,-90.0,150.0,150.0,4.0,16.05,203.4343376157518,3.944309938329015e+18,0.15948756803710135,0.00018955288228720337,0.15948756803710135,45.294469322536784,-45.294469322536784,45.294469322536784
NRLMSISE-00,2000-07-01T12:00:00Z,25.0,-90.0,150.0,150.0,4.0,16.1,203.4152203141431,3.9119336055382866e+18,0.15817843598118064,0.0001879969631798494,0.15817843598118064,44.9226758186553,-44.9226758186553,44.9226758186553
NRLMSISE-00,2000-07-01T12:00:00Z,25.0,-90.0,150.0,150.0,4.0,16.15,203.40017712228408,3.879743144493624e+18,0.15687681962083413,0.0001864499765665827,0.15687681962083413,44.553016772316894,-44.553016772316894,44.553016772316894
NRLMSISE-00,2000-07-01T12:00:00Z,25.0,-90.0,150.0,150.0,4.0,16.2,203.38914709896483,3.8477401190198513e+18,0.15558278218907906,0.00018491199760060055,0.15558278218907906,44.18551014169845,-44.18551014169845,44.18551014169845
NRLMSISE-00,2000-07-01T12:00:00Z,25.0,-90.0,150.0,150.0,4.0,16.25,203.38206981420788,3.8159260104712525e+18,0.15429638358424883,0.00018338309747178877,0.15429638358424885,43.820172937926664,-43.820172937926664,43.820172937926664
NRLMSISE-00,2000-07-01T12:00:00Z,25.0,-90.0,150.0,150.0,4.0,16.3,203.37888532571924,3.784302219499488e+18,0.15301768044147881,0.00018186334349168306,0.15301768044147881,43.457021245379984,-43.457021245379984,43.457021245379984
NRLMSISE-00,2000-07-01T12:00:00Z,25.0,-90.0,150.0,150.0,4.0,16.35,203.3795341558399,3.7528700678011735e+18,0.15174672620336913,0.00018035279917745297,0.15174672620336913,43.096070241756834,-43.096070241756834,43.096070241756834
NRLMSISE-00,2000-07-01T12:00:00Z,25.0,-90.0,150.0,150.0,4.0,16.4,203.38395726898253,3.721630799844872e+18,0.15048357118981545,0.00017885152433489638,0.15048357118981545,42.73733421790759,-42.73733421790759,42.73733421790759
NRLMSISE-00,2000-07-01T12:00:00Z,25.0,-90.0,150.0,150.0,4.0,16.45,203.3920960495404,3.6905855845773025e+18,0.1492282626669993,0.0001773595751404354,0.1492282626669993,42.3808265974278,-42.3808265974278,42.3808265974278
NRLMSISE-00,2000-07-01T12:00:00Z,25.0,-90.0,150.0,150.0,4.0,16.5,203.403892280255,3.6597355171086275e+18,0.14798084491553223,0.00017587700422210656,0.14798084491553226,42.026559956011155,-42.026559956011155,42.026559956011155
NRLMSISE-00,2000-07-01T12:00:00Z,25.0,-90.0,150.0,150.0,4.0,16.55,203.4192881210298,3.6290816203765734e+18,0.14674135929774457,0.0001744038607395341,0.14674135929774457,41.674546040559456,-41.674546040559456,41.674546040559456
NRLMSISE-00,2000-07-01T12:00:00Z,25.0,-90.0,150.0,150.0,4.0,16.6,203.4382260881789,3.598624846789343e+18,0.14550984432411607,0.00017294019046288383,0.145509844324116,41.32479578804896,-41.32479578804896,41.32479578804896
NRLMSISE-00,2000-07-01T12:00:00Z,25.0,-90.0,150.0,150.0,4.0,16.65,203.46064903409783,3.5683660798471255e+18,0.14428633571884145,0.00017148603585078864,0.14428633571884142,40.97731934415097,-40.97731934415097,40.97731934415097
NRLMSISE-00,2000-07-01T12:00:00Z,25.0,-90.0,150.0,150.0,4.0,16.7,203.48650012734723,3.5383061357421174e+18,0.14307086648452716,0.00017004143612724096,0.14307086648452716,40.63212608160571,-40.63212608160571,40.63212608160571
NRLMSISE-00,2000-07-01T12:00:00Z,25.0,-90.0,150.0,150.0,4.0,16.75,203.51572283313797,3.508445764937011e+18,0.14186346696601723,0.00016860642735745085,0.14186346696601723,40.2892246183489,-40.2892246183489,40.2892246183489
NRLMSISE-00,2000-07-01T12:00:00Z,25.0,-90.0,150.0,150.0,4.0,16.8,203.54826089420828,3.478785653721793e+18,0.14066416491334205,0.00016718104252266136,0.14066416491334205,39.948622835389145,-39.948622835389145,39.948622835389145
NRLMSISE-00,2000-07-01T12:00:00Z,25.0,-90.0,150.0,150.0,4.0,16.85,203.5840583120833,3.4493264257488476e+18,0.13947298554379026,0.00016576531159392168,0.13947298554379026,39.61032789443643,-39.61032789443643,39.61032789443643
NRLMSISE-00,2000-07-01T12:00:00Z,25.0,-90.0,150.0,150.0,4.0,16.9,203.62305932870908,3.420068643546361e+18,0.13828995160310287,0.00016435926160481712,0.13828995160310287,39.274346255281216,-39.274346255281216,39.274346255281216
NRLMSISE-00,2000-07-01T12:00:00Z,25.0,-90.0,150.0,150.0,4.0,16.95,203.66520840845132,3.3910128100098714e+18,0.13711508342578393,0.00016296291672314892,0.13711508342578396,38.94068369292264,-38.94068369292264,38.94068369292264
NRLMSISE-00,2000-07-01T12:00:00Z,25.0,-90.0,150.0,150.0,4.0,17.0,203.71045022045178,3.362159369872113e+18,0.13594839899453343,0.00016157629832157106,0.13594839899453343,38.609345314447495,-38.609345314447495,38.609345314447495
NRLMSISE-00,2000-07-01T12:00:00Z,25.0,-90.0,150.0,150.0,4.0,17.05,203.7587296213347,3.333508711151015e+18,0.1347899139987968,0.00016019942504717725,0.13478991399879683,38.28033557565829,-38.28033557565829,38.28033557565829
NRLMSISE-00,2000-07-01T12:00:00Z,25.0,-90.0,150.0,150.0,4.0,17.1,203.80999163825638,3.305061166575948e+18,0.13363964189243527,0.00015883231289004233,0.13363964189243527,37.95365829745162,-37.95365829745162,37.95365829745162
NRLMSISE-00,2000-07-01T12:00:00Z,25.0,-90.0,150.0,150.0,4.0,17.15,203.86418145229007,3.276817014992212e+18,0.13249759395051577,0.0001574749752507183,0.13249759395051577,37.62931668194648,-37.62931668194648,37.62931668194648
NRLMSISE-00,2000-07-01T12:00:00Z,25.0,-90.0,150.0,150.0,4.0,17.2,203.92124438214194,3.248776482743801e+18,0.13136377932522303,0.0001561274230066861,0.13136377932522297,37.30731332836334,-37.30731332836334,37.30731332836334
NRLMSISE-00,2000-07-01T12:00:00Z,25.0,-90.0,150.0,150.0,4.0,17.25,203.98112586819025,3.220939745034502e+18,0.13023820510089532,0.00015478966457776666,0.13023820510089532,36.98765024865427,-36.98765024865427,36.98765024865427
NRLMSISE-00,2000-07-01T12:00:00Z,25.0,-90.0,150.0,150.0,4.0,17.3,204.0437714568434,3.193306927267394e+18,0.12912087634818692,0.00015346170599049314,0.12912087634818692,36.67032888288509,-36.67032888288509,36.67032888288509
NRLMSISE-00,2000-07-01T12:00:00Z,25.0,-90.0,150.0,150.0,4.0,17.35,204.10912678521143,3.1658781063627674e+18,0.12801179617735803,0.00015214355094144693,0.128011796177358,36.35535011436968,-36.35535011436968,36.35535011436968
NRLMSISE-00,2000-07-01T12:00:00Z,25.0,-90.0,150.0,150.0,4.0,17.4,204.17713756608617,3.138653312054621e+18,0.12691096579069827,0.00015083520085956375,0.12691096579069827,36.04271428455831,-36.04271428455831,36.04271428455831
NRLMSISE-00,2000-07-01T12:00:00Z,25.0,-90.0,150.0,150.0,4.0,17.45,204.24774957322558,3.111632528165729e+18,0.12581838453408403,0.00014953665496740982,0.12581838453408406,35.73242120767986,-35.73242120767986,35.73242120767986
NRLMSISE-00,2000-07-01T12:00:00Z,25.0,-90.0,150.0,150.0,4.0,17.5,204.32090862693806,3.0848156938614845e+18,0.12473404994767735,0.00014824791034143822,0.12473404994767734,35.424470185140365,-35.424470185140365,35.424470185140365
NRLMSISE-00,2000-07-01T12:00:00Z,25.0,-90.0,150.0,150.0,4.0,17.55,204.39656057996388,3.058202704882524e+18,0.12365795781576676,0.00014696896197122553,0.12365795781576674,35.11886001967776,-35.11886001967776,35.11886001967776
NRLMSISE-00,2000-07-01T12:00:00Z,25.0,-90.0,150.0,150.0,4.0,17.6,204.47465130364887,3.0317934147563003e+18,0.12259010221575728,0.0001456998028176968,0.12259010221575728,34.81558902927507,-34.81558902927507,34.81558902927507
NRLMSISE-00,2000-07-01T12:00:00Z,25.0,-90.0,150.0,150.0,4.0,17.65,204.55512667440846,3.00558763598772e+18,0.12153047556631356,0.00014444042387034423,0.12153047556631358,34.51465506083305,-34.51465506083305,34.51465506083305
NRLMSISE-00,2000-07-01T12:00:00Z,25.0,-90.0,150.0,150.0,4.0,17.7,204.63793256047876,2.979585141228956e+18,0.12047906867466102,0.00014319081420344521,0.120479068674661,34.21605550360373,-34.21605550360373,34.21605550360373
NRLMSISE-00,2000-07-01T12:00:00Z,25.0,-90.0,150.0,150.0,4.0,17.75,204.72301480895246,2.9537856644286065e+18,0.11943587078305198,0.0001419509610312881,0.11943587078305198,33.919787302386766,-33.919787302386766,33.919787302386766
NRLMSISE-00,2000-07-01T12:00:00Z,25.0,-90.0,150.0,150.0,4.0,17.8,204.81031923309718,2.928188901960299e+18,0.11840086961440062,0.00014072084976240944,0.1184008696144006,33.625846970489775,-33.625846970489775,33.625846970489775
NRLMSISE-00,2000-07-01T12:00:00Z,25.0,-90.0,150.0,150.0,4.0,17.85,204.89979159995403,2.9027945137309307e+18,0.11737405141709442,0.00013950046405285333,0.11737405141709444,33.33423060245482,-33.33423060245482,33.33423060245482
NRLMSISE-00,2000-07-01T12:00:00Z,25.0,-90.0,150.0,150.0,4.0,17.9,204.99137761821635,2.8776021242686464e+18,0.11635540100898643,0.00013828978585845648,0.11635540100898646,33.044933886552144,-33.044933886552144,33.044933886552144
NRLMSISE-00,2000-07-01T12:00:00Z,25.0,-90.0,150.0,150.0,4.0,17.95,205.08502292638462,2.852611323790791e+18,0.11534490182057781,0.00013708879548617124,0.11534490182057777,32.7579521170441,-32.7579521170441,32.7579521170441
NRLMSISE-00,2000-07-01T12:00:00Z,25.0,-90.0,150.0,150.0,4.0,18.0,205.1806730811992,2.8278216692519414e+18,0.11434253593739471,0.00013589747164443139,0.11434253593739471,32.473280206220096,-32.473280206220096,32.473280206220096
NRLMSISE-00,2000-07-01T12:00:00Z,25.0,-90.0,150.0,150.0,4.0,18.05,205.27827354634817,2.803232685372201e+18,0.11334828414156736,0.00013471579149256863,0.11334828414156736,32.19091269620513,-32.19091269620513,32.19091269620513
NRLMSISE-00,2000-07-01T12:00:00Z,25.0,-90.0,150.0,150.0,4.0,18.1,205.3777696814514,2.7788438656459515e+18,0.11236212595261869,0.00013354373068929107,0.1123621259526187,31.910843770543707,-31.910843770543707,31.910843770543707
NRLMSISE-00,2000-07-01T12:00:00Z,25.0,-90.0,150.0,150.0,4.0,18.15,205.4791067313185,2.7546546733312486e+18,0.11138403966747039,0.00013238126344023056,0.1113840396674704,31.63306726556159,-31.63306726556159,31.63306726556159
NRLMSISE-00,2000-07-01T12:00:00Z,25.0,-90.0,150.0,150.0,4.0,18.2,205.58222981548258,2.730664542419983e+18,0.11041400239967131,0.0001312283625445661,0.11041400239967131,31.35757668150665,-31.35757668150665,31.35757668150665
NRLMSISE-00,2000-07-01T12:00:00Z,25.0,-90.0,150.0,150.0,4.0,18.25,205.68708391800925,2.7068728785890944e+18,0.10945199011785955,0.00013008499944073664,0.10945199011785954,31.084365193472113,-31.084365193472113,31.084365193472113
NRLMSISE-00,2000-07-01T12:00:00Z,25.0,-90.0,150.0,150.0,4.0,18.3,205.79361387758084,2.68327906013296e+18,0.10849797768346352,0.0001289511442512492,0.1084979776834635,30.81342566210364,-30.81342566210364,30.81342566210364
NRLMSISE-00,2000-07-01T12:00:00Z,25.0,-90.0,150.0,150.0,4.0,18.35,205.90176437785723,2.6598824388771604e+18,0.10755193888764986,0.0001278267658265918,0.10755193888764984,30.54475064409256,-30.54475064409256,30.54475064409256
NRLMSISE-00,2000-07-01T12:00:00Z,25.0,-90.0,150.0,150.0,4.0,18.4,206.01147993811406,2.6366823410738463e+18,0.10661384648752752,0.0001267118317882626,0.1066138464875275,30.278332402457814,-30.278332402457814,30.278332402457814
NRLMSISE-00,2000-07-01T12:00:00Z,25.0,-90.0,150.0,150.0,4.0,18.45,206.12270490415924,2.613678068278893e+18,0.10568367224161532,0.0001256063085709234,0.10568367224161533,30.01416291661875,-30.01416291661875,30.01416291661875
NRLMSISE-00,2000-07-01T12:00:00Z,25.0,-90.0,150.0,150.0,4.0,18.5,206.23538343952876,2.590868898211064e+18,0.10476138694458213,0.00012451016146368879,0.10476138694458213,29.752233892261327,-29.752233892261327,29.752233892261327
NRLMSISE-00,2000-07-01T12:00:00Z,25.0,-90.0,150.0,150.0,4.0,18.55,206.34945951696432,2.5682540855933527e+18,0.1038469604612664,0.00012342335465055884,0.1038469604612664,29.492536770999656,-29.492536770999656,29.492536770999656
NRLMSISE-00,2000-07-01T12:00:00Z,25.0,-90.0,150.0,150.0,4.0,18.6,206.4648769101739,2.545832862976745e+18,0.10294036175998479,0.00012234585125000673,0.1029403617599848,29.23506273983568,-29.23506273983568,29.23506273983568
NRLMSISE-00,2000-07-01T12:00:00Z,25.0,-90.0,150.0,150.0,4.0,18.65,206.5815791858768,2.5236044415466056e+18,0.1020415589451384,0.00012127761335373161,0.10204155894513839,28.979802740419306,-28.979802740419306,28.979802740419306
NRLMSISE-00,2000-07-01T12:00:00Z,25.0,-90.0,150.0,150.0,4.0,18.7,206.69950969613603,2.5015680119118966e+18,0.10115051928912462,0.00012021860206458637,0.10115051928912461,28.726747478111392,-28.726747478111392,28.726747478111392
NRLMSISE-00,2000-07-01T12:00:00Z,25.0,-90.0,150.0,150.0,4.0,18.75,206.81861157098044,2.479722744877448e+18,0.10026720926356379,0.00011916877753369072,0.10026720926356379,28.47588743085212,-28.47588743085212,28.47588743085212
NRLMSISE-00,2000-07-01T12:00:00Z,25.0,-90.0,150.0,150.0,4.0,18.8,206.93882771131777,2.4580677921994916e+18,0.09939159456984908,0.00011812809899674019,0.09939159456984908,28.22721285783714,-28.22721285783714,28.22721285783714
NRLMSISE-00,2000-07-01T12:00:00Z,25.0,-90.0,150.0,150.0,4.0,18.85,207.06010078214334,2.436602287324664e+18,0.09852364016902805,0.00011709652480952066,0.09852364016902804,27.980713808003966,-27.980713808003966,27.980713808003966
NRLMSISE-00,2000-07-01T12:00:00Z,25.0,-90.0,150.0,150.0,4.0,18.9,207.1823732060454,2.4153253461127245e+18,0.09766331031102551,0.0001160740124826402,0.0976633103110255,27.736380128331245,-27.736380128331245,27.736380128331245
NRLMSISE-00,2000-07-01T12:00:00Z,25.0,-90.0,150.0,150.0,4.0,18.95,207.30558715701108,2.3942360675431803e+18,0.09681056856321589,0.00011506051871548753,0.09681056856321588,27.494201471953314,-27.494201471953314,27.494201471953314
NRLMSISE-00,2000-07-01T12:00:00Z,25.0,-90.0,150.0,150.0,4.0,19.0,207.4296845545357,2.373333534406057e+18,0.09596537783835439,0.00011405599942942854,0.09596537783835435,27.254167306092647,-27.254167306092647,27.254167306092647
NRLMSISE-00,2000-07-01T12:00:00Z,25.0,-90.0,150.0,150.0,4.0,19.05,207.5546070580394,2.352616813977009e+18,0.09512770042187502,0.00011306040980025056,0.09512770042187502,27.016266919812505,-27.016266919812505,27.016266919812505
NRLMSISE-00,2000-07-01T12:00:00Z,25.0,-90.0,150.0,150.0,4.0,19.1,207.68029606159342,2.332084958677026e+18,0.09429749799856563,0.00011207370428986552,0.09429749799856563,26.78048943159264,-26.78048943159264,26.78048943159264
NRLMSISE-00,2000-07-01T12:00:00Z,25.0,-90.0,150.0,150.0,4.0,19.15,207.80669268896068,2.311737006716925e+18,0.09347473167862803,0.00011109583667728315,0.09347473167862802,26.54682379673036,-26.54682379673036,26.54682379673036
NRLMSISE-00,2000-07-01T12:00:00Z,25.0,-90.0,150.0,150.0,4.0,19.2,207.9337377889536,2.2915719827268506e+18,0.09265936202313153,0.0001101267600888626,0.09265936202313152,26.315258814569354,-26.315258814569354,26.315258814569354
NRLMSISE-00,2000-07-01T12:00:00Z,25.0,-90.0,150.0,150.0,4.0,19.25,208.0613719311141,2.2715888983710305e+18,0.0918513490688706,0.00010916642702785606,0.09185134906887059,26.08578313555925,-26.08578313555925,26.08578313555925
NRLMSISE-00,2000-07-01T12:00:00Z,25.0,-90.0,150.0,150.0,4.0,19.3,208.18953540171754,2.2517867529479828e+18,0.09105065235263414,0.00010821478940325315,0.09105065235263411,25.858385268148094,-25.858385268148094,25.858385268148094
NRLMSISE-00,2000-07-01T12:00:00Z,25.0,-90.0,150.0,150.0,4.0,19.35,208.31816820010764,2.2321645339763863e+18,0.09025723093489504,0.00010727179855793626,0.09025723093489504,25.633053585510194,-25.633053585510194,25.633053585510194
NRLMSISE-00,2000-07-01T12:00:00Z,25.0,-90.0,150.0,150.0,4.0,19.4,208.44721003536398,2.2127212177668672e+18,0.08947104342293033,0.00010633740529615896,0.08947104342293033,25.409776332112212,-25.409776332112212,25.409776332112212
NRLMSISE-00,2000-07-01T12:00:00Z,25.0,-90.0,150.0,150.0,4.0,19.45,208.57660032330784,2.1934557699798756e+18,0.08869204799337879,0.0001054115599103562,0.08869204799337878,25.188541630119577,-25.188541630119577,25.188541630119577
NRLMSISE-00,2000-07-01T12:00:00Z,25.0,-90.0,150.0,150.0,4.0,19.5,208.7062781838499,2.1743671461699274e+18,0.08792020241424728,0.000104494212207299,0.08792020241424726,24.96933748564623,-24.96933748564623,24.96933748564623
NRLMSISE-00,2000-07-01T12:00:00Z,25.0,-90.0,150.0,150.0,4.0,19.55,208.83618243868497,2.1554542923163645e+18,0.08715546406637198,0.00010358531153360137,0.08715546406637197,24.75215179484964,-24.75215179484964,24.75215179484964
NRLMSISE-00,2000-07-01T12:00:00Z,25.0,-90.0,150.0,150.0,4.0,19.6,208.9662516093374,2.1367161453409016e+18,0.08639778996434529,0.00010268480680059223,0.08639778996434527,24.536972349874063,-24.536972349874063,24.536972349874063
NRLMSISE-00,2000-07-01T12:00:00Z,25.0,-90.0,150.0,150.0,4.0,19.65,209.09642391556264,2.118151633612147e+18,0.0856471367769161,0.00010179264650856133,0.08564713677691609,24.32378684464417,-24.32378684464417,24.32378684464417
NRLMSISE-00,2000-07-01T12:00:00Z,25.0,-90.0,150.0,150.0,4.0,19.7,209.2266372741086,2.0997596774373097e+18,0.08490346084687181,0.0001009087787703893,0.08490346084687181,24.112582880511592,-24.112582880511592,24.112582880511592
NRLMSISE-00,2000-07-01T12:00:00Z,25.0,-90.0,150.0,150.0,4.0,19.75,209.3568292978425,2.0815391895413443e+18,0.08416671821041255,0.00010003315133457411,0.08416671821041254,23.903347971757164,-23.903347971757164,23.903347971757164
NRLMSISE-00,2000-07-01T12:00:00Z,25.0,-90.0,150.0,150.0,4.0,19.8,209.486937295247,2.0634890755336855e+18,0.0834368646160235,9.916571160766112e-05,0.08343686461602348,23.69606955095067,-23.69606955095067,23.69606955095067
NRLMSISE-00,2000-07-01T12:00:00Z,25.0,-90.0,150.0,150.0,4.0,19.85,209.61689827029085,2.04560823436283e+18,0.0827138555428558,9.830640667608893e-05,0.08271385554285579,23.490734974171048,-23.490734974171048,23.490734974171048
NRLMSISE-00,2000-07-01T12:00:00Z,25.0,-90.0,150.0,150.0,4.0,19.9,209.74664892267862,2.027895558758965e+18,0.08199764621862422,9.7455183327461e-05,0.08199764621862421,23.28733152608928,-23.28733152608928,23.28733152608928
NRLMSISE-00,2000-07-01T12:00:00Z,25.0,-90.0,150.0,150.0,4.0,19.95,209.8761256484845,2.0103499356648294e+18,0.08128819163702895,9.661198807125166e-05,0.08128819163702893,23.085846424916223,-23.085846424916223,23.085846424916223
NRLMSISE-00,2000-07-01T12:00:00Z,25.0,-90.0,150.0,150.0,4.0,20.0,210.0052645411748,1.9929702466550426e+18,0.08058544657471108,9.577676715895797e-05,0.08058544657471106,22.886266827217945,-22.886266827217945,22.886266827217945
